bowler,format,cluster,wickets,economy,average,dot_pct
JM Anderson,Test,2,705,2.77,25.54,78.76
SCJ Broad,Test,2,616,2.97,27.14,77.37
NM Lyon,Test,2,588,2.95,29.08,73.89
R Ashwin,Test,2,553,2.84,23.2,74.75
MA Starc,Test,2,449,3.43,25.57,73.86
DW Steyn,Test,2,439,3.2,22.01,76.13
HMRKB Herath,Test,2,416,2.78,26.28,73.51
TG Southee,Test,2,400,3.02,29.58,77.17
K Rabada,Test,2,351,3.3,21.35,75.46
RA Jadeja,Test,2,350,2.58,24.87,76.72
SL Malinga,ODI,2,343,5.33,26.97,55.23
TA Boult,Test,2,323,3.0,26.99,77.52
PJ Cummins,Test,2,321,2.88,21.64,76.78
MG Johnson,Test,2,320,3.32,27.79,74.8
M Morkel,Test,2,317,3.06,26.97,77.02
I Sharma,Test,2,312,3.1,32.16,74.98
JR Hazlewood,Test,2,301,2.77,23.73,78.63
KAJ Roach,Test,2,299,3.06,26.52,76.4
B Lee,ODI,2,281,4.64,21.85,61.12
Shakib Al Hasan,ODI,2,279,4.59,29.17,53.52
JM Anderson,ODI,2,268,4.96,27.32,60.68
N Wagner,Test,2,265,3.11,27.05,75.54
GP Swann,Test,2,264,2.99,28.95,73.87
Shahid Afridi,ODI,4,259,4.66,30.69,49.98
MA Starc,ODI,4,253,5.25,22.38,59.0
M Muralitharan,Test,2,252,2.78,22.03,74.48
Yasir Shah,Test,2,252,3.22,30.38,71.03
BA Stokes,Test,2,249,3.3,30.74,73.43
Taijul Islam,Test,2,249,3.05,30.27,72.46
AU Rashid,ODI,4,244,5.61,30.05,45.26
RA Jadeja,ODI,4,244,4.89,34.28,50.05
MG Johnson,ODI,4,243,4.81,23.83,59.7
Harbhajan Singh,Test,2,240,2.9,35.06,72.23
JJ Bumrah,Test,2,239,2.74,19.38,77.98
YS Chahal,IPL,4,238,8.01,22.34,34.09
Shakib Al Hasan,Test,2,236,3.02,31.2,72.24
M Ntini,Test,2,234,3.3,27.97,75.55
Mohammed Shami,Test,2,233,3.3,27.24,75.02
B Kumar,IPL,4,231,7.67,24.72,43.48
TG Southee,ODI,4,230,5.57,31.07,56.0
Mashrafe Mortaza,ODI,4,227,5.06,31.86,56.82
Z Khan,Test,2,226,3.21,30.6,74.94
VD Philander,Test,2,226,2.61,22.09,79.68
PM Siddle,Test,2,226,2.91,29.99,78.34
KA Maharaj,Test,2,224,3.1,28.44,73.92
SP Narine,IPL,4,223,6.79,23.07,39.64
TA Boult,ODI,4,219,5.05,23.17,59.68
Mohammed Shami,ODI,4,215,5.58,22.63,57.49
KMDN Kulasekara,ODI,4,213,4.94,31.06,60.07
Z Khan,ODI,4,213,4.97,25.82,58.68
DW Steyn,ODI,4,212,4.86,23.77,60.84
Mehedi Hasan Miraz,Test,2,212,3.12,31.57,71.14
M Muralitharan,ODI,4,209,4.08,21.91,56.47
MM Ali,Test,2,209,3.62,36.42,69.27
DL Vettori,ODI,4,208,3.97,25.26,56.46
JJ Bumrah,IPL,4,207,7.27,21.2,41.67
DJ Bravo,IPL,4,207,8.36,21.06,33.68
R Ashwin,IPL,4,205,7.19,27.57,35.28
KD Mills,ODI,4,203,4.67,24.76,61.24
PP Chawla,IPL,4,201,7.96,25.41,35.25
CR Woakes,Test,2,199,3.03,28.57,77.02
SCJ Broad,ODI,4,198,5.3,26.44,56.7
Kuldeep Yadav,ODI,4,196,5.12,25.96,49.98
A Kumble,Test,2,196,2.99,30.96,74.0
M Morkel,ODI,4,195,4.91,24.1,59.83
A Zampa,ODI,4,193,5.54,28.18,45.27
DJ Bravo,ODI,4,193,5.36,27.01,50.43
CR Woakes,ODI,4,191,5.41,26.76,55.55
Harbhajan Singh,ODI,4,190,4.4,30.71,54.58
DL Vettori,Test,3,190,2.56,32.74,76.92
SL Malinga,IPL,4,188,7.1,17.9,42.78
CS Martin,Test,2,187,3.25,31.78,76.16
RA Jadeja,IPL,4,186,7.66,28.81,32.87
NLTC Perera,ODI,4,183,5.89,30.4,49.07
A Mishra,IPL,4,183,7.33,22.65,35.97
Saeed Ajmal,Test,2,183,2.59,27.34,75.51
Saeed Ajmal,ODI,4,181,4.23,22.36,57.05
Imran Tahir,ODI,4,180,4.66,23.71,53.01
B Lee,Test,3,179,3.31,31.15,74.54
MJ Henry,ODI,4,178,5.21,23.78,58.55
Rashid Khan,IPL,4,177,7.16,23.09,37.5
Mustafizur Rahman,ODI,4,176,5.19,25.52,55.58
Abdur Razzak,ODI,4,176,4.62,27.36,57.34
K Rabada,ODI,4,175,5.07,25.72,59.55
TG Southee,T20I,4,175,8.1,21.35,40.72
RAS Lakmal,Test,3,173,2.98,36.02,74.91
DB Sharma,T20I,4,171,6.28,17.73,42.89
UT Yadav,Test,3,170,3.51,30.7,72.56
MDK Perera,Test,3,170,3.2,34.0,68.3
MS Panesar,Test,3,170,2.8,33.7,76.16
Umar Gul,ODI,4,170,5.19,28.81,59.06
Sandeep Sharma,IPL,4,169,8.1,25.23,39.27
ST Gabriel,Test,3,168,3.34,31.83,72.98
NW Bracken,ODI,4,168,4.44,22.06,60.53
HV Patel,IPL,5,168,8.85,21.96,34.12
IS Sodhi,T20I,5,168,8.16,22.53,32.83
DB Sharma,ODI,4,167,4.6,25.59,54.7
R Ashwin,ODI,4,166,4.95,31.02,49.78
AU Rashid,T20I,4,165,7.49,22.66,36.23
UT Yadav,IPL,4,163,8.44,26.58,40.94
Mustafizur Rahman,T20I,4,163,7.25,18.56,43.79
ML Schutt,T20I,4,162,6.39,15.69,47.86
JO Holder,ODI,4,162,5.55,34.58,54.54
SR Watson,ODI,4,162,5.0,28.78,53.46
Harbhajan Singh,IPL,4,161,7.07,25.03,38.36
B Kumar,ODI,4,160,5.09,30.79,58.68
JO Holder,Test,3,160,2.61,30.51,78.09
Mohammed Shami,IPL,4,159,8.6,25.74,42.14
IK Pathan,ODI,4,156,5.31,27.57,56.98
Hasan Ali,PSL,5,153,8.2,20.59,40.13
JJ Bumrah,ODI,4,153,4.6,22.42,60.46
TA Boult,IPL,5,153,8.51,25.82,42.07
T Putthawong,T20I,7,151,4.27,8.26,61.04
SJ Harmison,Test,3,151,3.27,31.52,74.31
M Kapp,ODI,4,151,4.03,22.57,64.23
A Khaka,ODI,4,150,4.36,23.35,62.84
MM Sharma,IPL,5,149,8.74,23.58,34.65
S Ecclestone,T20I,4,149,5.97,15.06,48.67
PWH de Silva,T20I,0,148,7.17,15.8,37.3
M Ntini,ODI,4,148,4.74,23.79,61.36
Shaheen Shah Afridi,PSL,4,148,7.94,18.76,43.66
JR Hazlewood,ODI,4,147,4.74,26.29,60.42
PJ Cummins,ODI,4,147,5.26,27.41,56.5
AR Patel,IPL,4,146,7.41,29.73,33.87
MJ Santner,T20I,4,146,7.16,22.69,38.99
A Zampa,T20I,5,145,7.4,20.58,34.9
MJ Leach,Test,3,145,3.08,33.37,73.53
Umar Gul,Test,3,145,3.39,33.11,72.63
BAW Mendis,ODI,4,144,4.92,22.37,51.11
Ehsan Khan,T20I,4,144,6.22,15.03,46.81
K Rabada,IPL,5,144,8.62,21.53,41.01
JH Kallis,Test,3,144,2.91,33.32,77.52
Rizwan Butt,T20I,4,143,6.81,15.33,47.1
S Lamichhane,ODI,4,142,4.38,18.49,59.32
MJ Henry,Test,3,142,3.12,26.75,75.3
S Ismail,ODI,4,142,3.93,19.24,66.08
Mohammad Hafeez,ODI,4,142,4.15,35.13,52.68
Mohammed Siraj,Test,3,141,3.52,29.25,72.79
Shaheen Shah Afridi,T20I,4,141,7.9,20.05,44.71
MR Adair,T20I,0,141,7.74,18.17,42.73
LE Plunkett,ODI,4,140,5.74,27.26,50.56
SK Warne,Test,1,139,2.98,23.13,74.26
GB Hogg,ODI,4,139,4.48,22.78,54.23
S Ecclestone,ODI,4,138,3.69,18.69,64.89
Haris Rauf,T20I,5,138,8.35,19.38,38.71
Wahab Riaz,ODI,4,138,5.71,29.36,50.53
MJ Santner,ODI,4,138,4.81,33.9,51.11
Shakib Al Hasan,T20I,4,138,6.92,19.88,38.82
AD Mathews,ODI,4,137,4.64,28.99,56.17
JL Jonassen,ODI,4,136,4.01,17.14,59.25
S Lamichhane,T20I,0,136,6.16,12.1,50.0
A Flintoff,ODI,4,135,4.2,19.82,62.49
Nida Dar,T20I,4,134,5.96,18.33,42.92
AS Joseph,ODI,4,134,5.48,26.26,54.53
Shoaib Malik,ODI,4,133,4.7,33.05,50.3
AD Russell,IPL,5,133,9.44,21.53,35.46
ML Schutt,ODI,4,132,4.29,23.1,62.98
KAJ Roach,ODI,4,132,5.07,27.9,58.43
JDP Oram,ODI,4,132,4.35,26.35,60.31
Shadab Khan,T20I,5,131,7.5,22.06,35.51
A Flintoff,Test,3,131,2.97,31.72,74.62
Shaheen Shah Afridi,ODI,4,130,5.72,25.04,56.9
O Kamchomphu,T20I,7,129,4.74,11.06,51.22
A Gardner,ODI,4,129,4.29,20.71,58.26
Danish Kaneria,Test,3,129,3.14,39.57,70.99
Arshdeep Singh,T20I,5,128,8.51,18.62,43.75
Rubel Hossain,ODI,4,128,5.68,31.8,51.46
AS Joseph,Test,3,128,3.66,32.42,70.98
JJ Bumrah,T20I,0,127,6.59,17.2,47.76
C Aweko,T20I,7,127,4.22,10.4,58.88
Ali Dawood,T20I,0,127,6.11,12.84,49.63
R Vinay Kumar,IPL,5,127,8.38,23.51,37.46
ST Finn,Test,3,127,3.54,29.92,74.15
Shadab Khan,PSL,5,127,7.64,21.95,36.35
HK Matthews,T20I,0,126,6.29,16.62,42.64
Wahab Riaz,PSL,0,126,7.7,20.15,41.41
JD Unadkat,IPL,5,125,8.94,28.03,33.33
I Sharma,ODI,4,125,5.67,28.29,54.41
Mohammed Siraj,IPL,5,124,8.64,29.4,43.99
AC Kerr,ODI,4,124,4.67,27.24,52.86
YS Chahal,ODI,4,124,5.28,26.19,48.92
SL Malinga,T20I,0,124,7.35,18.04,39.23
JE Taylor,ODI,4,124,5.26,27.02,57.04
Shaheen Shah Afridi,Test,3,123,3.14,27.46,76.07
CJ Jordan,T20I,5,123,8.7,23.0,35.08
Shahid Afridi,T20I,0,122,6.83,21.41,37.53
JE Taylor,Test,3,122,3.45,32.08,73.74
Nahida Akter,T20I,0,122,5.92,15.25,46.21
MJ Hoggard,Test,3,122,3.22,29.7,75.16
MA Wood,Test,3,122,3.32,30.04,73.44
Mehedi Hasan Miraz,ODI,4,122,4.79,32.91,51.36
D Bishoo,Test,3,122,3.22,35.66,68.88
Mohammad Amir,Test,3,121,2.84,29.98,77.39
A Nehra,IPL,0,121,7.81,20.62,43.19
SN Thakur,IPL,5,121,9.52,28.38,34.5
SM Pollock,ODI,1,120,3.4,23.67,68.02
WPUJC Vaas,ODI,1,120,4.1,27.41,65.63
KY Chan,T20I,7,120,4.44,9.06,57.79
TT Bresnan,ODI,4,120,5.42,31.49,53.25
MM Ali,ODI,6,119,5.31,43.78,45.1
Z Khan,IPL,5,119,7.58,23.38,42.19
H Ishimwe,T20I,7,119,4.43,9.0,57.97
HH Pandya,T20I,5,119,8.32,25.67,38.97
NGRP Jayasuriya,Test,3,118,3.25,30.97,69.39
MF Maharoof,ODI,4,118,4.8,25.9,58.96
RP Yadav,T20I,0,118,6.61,16.54,41.68
Nashra Sandhu,ODI,4,118,4.47,25.82,56.51
CRD Fernando,ODI,4,118,5.12,29.17,56.82
JO Holder,T20I,5,117,8.76,24.28,35.44
Arshdeep Singh,IPL,5,117,9.14,25.35,36.7
J Mbabazi,T20I,7,116,4.8,10.05,54.97
Virandeep Singh,T20I,0,116,5.53,12.84,46.51
UT Yadav,ODI,4,116,6.0,30.73,54.39
PP Ojha,Test,3,116,2.68,29.48,76.13
HK Matthews,ODI,1,115,4.36,24.24,57.8
R Rampaul,ODI,4,115,5.09,26.43,57.32
A Nehra,ODI,4,115,5.41,28.51,55.61
Karan KC,T20I,0,114,7.77,18.47,46.83
RJ Harris,Test,3,114,2.77,23.32,79.29
Kuldeep Yadav,IPL,5,113,8.25,27.34,30.84
AC Kerr,T20I,0,113,6.07,18.33,39.62
SE Bond,ODI,1,113,4.18,20.44,65.63
Junaid Khan,ODI,4,113,5.39,27.74,56.34
Vaishnave Mahesh,T20I,7,113,4.8,10.88,56.42
CH Gayle,ODI,4,112,4.76,31.29,47.04
CV Varun,IPL,5,112,7.65,23.28,37.78
FH Edwards,Test,3,112,3.72,37.6,69.8
Faheem Ashraf,PSL,5,111,8.72,22.9,35.89
ST Finn,ODI,4,111,5.05,26.99,59.16
N Boochatham,T20I,7,110,4.47,10.65,58.8
WD Parnell,ODI,4,110,5.58,27.36,54.15
RAS Lakmal,ODI,4,110,5.5,31.3,55.96
R Ngarava,T20I,0,110,7.2,19.32,48.59
Abdul Razzaq,ODI,6,110,4.84,32.72,56.45
Mohammad Amir,PSL,5,110,7.75,24.09,42.61
Pavandeep Singh,T20I,7,110,5.86,16.28,52.97
J Goswami,ODI,1,109,3.77,19.34,67.22
GD McGrath,ODI,1,109,3.82,18.9,67.05
L Ngidi,ODI,4,109,5.81,28.87,54.51
MRJ Watt,ODI,1,109,4.22,25.54,58.08
Hasan Ali,ODI,4,109,5.81,28.29,51.44
LMM Tahuhu,ODI,1,108,4.69,24.3,61.49
CBRLS Kumara,Test,3,107,3.86,35.04,68.23
CH Morris,IPL,5,107,8.0,21.58,40.9
KH Pandya,IPL,5,107,7.55,30.42,32.7
SR Watson,IPL,5,107,7.88,25.07,41.63
GP Swann,ODI,4,107,4.59,26.18,50.49
AB Agarkar,ODI,1,106,4.96,25.65,60.93
Bilal Khan,T20I,0,106,6.83,15.96,48.35
JP Faulkner,ODI,4,106,5.55,27.57,48.7
SM Sharif,ODI,1,106,4.87,26.31,58.32
H Ssenyondo,T20I,7,105,5.34,13.74,49.48
SN Netravalkar,ODI,1,105,3.89,20.06,64.15
ST Jayasuriya,ODI,4,105,4.77,30.32,46.74
CJ McKay,ODI,1,105,4.82,22.34,59.14
DJ Willey,ODI,4,105,5.49,27.65,54.74
DW Steyn,IPL,0,105,6.92,24.03,48.61
Taskin Ahmed,ODI,4,105,5.42,30.52,55.89
SO Ngoche,T20I,0,104,6.17,16.03,47.81
ASS Fletcher,T20I,0,104,6.21,18.84,40.41
Shoaib Akhtar,ODI,1,104,4.93,27.3,60.39
Taskin Ahmed,T20I,0,104,7.74,20.99,45.78
P Utseya,ODI,6,104,4.66,45.89,50.54
Junaid Siddique,T20I,0,103,7.85,18.83,42.48
Aizaz Khan,T20I,0,103,7.76,19.25,39.92
LL Tsotsobe,ODI,1,102,4.76,22.69,61.88
Yuvraj Singh,ODI,6,102,5.14,33.76,46.3
Nauman Ali,Test,1,102,3.03,23.31,72.08
AR Ramjani,T20I,7,102,4.68,9.29,53.91
P Kumar,IPL,5,102,7.73,31.87,45.43
PL Harris,Test,3,102,2.66,37.55,76.01
Abdur Rehman,Test,3,102,2.53,28.53,76.13
PWH de Silva,ODI,4,102,5.16,24.34,51.33
S Laomi,T20I,7,102,4.44,12.22,53.83
KH Brunt,T20I,7,102,5.77,16.08,53.55
JH Kallis,ODI,6,102,5.11,32.4,52.11
AN Kelly,T20I,0,102,6.02,11.92,46.78
Haris Rauf,ODI,4,101,5.85,25.0,52.32
BM Scholtz,ODI,1,101,3.35,18.67,66.56
JL Jonassen,T20I,0,101,5.73,15.95,45.08
Sikandar Raza,T20I,0,101,6.89,21.63,34.86
BW Hilfenhaus,Test,3,101,2.75,27.94,78.5
I Sharma,IPL,5,100,8.3,33.77,43.82
YS Chahal,T20I,5,100,8.17,24.09,34.03
Mohammad Abbas,Test,3,100,2.5,23.18,80.75
Haris Rauf,PSL,5,100,9.32,26.76,35.89
DM Nakrani,T20I,7,100,5.65,13.4,49.93
RP Singh,IPL,5,100,7.85,23.38,44.18
Karan KC,ODI,1,100,5.17,24.3,60.01
Bilal Khan,ODI,1,100,5.03,20.36,59.05
PVD Chameera,T20I,5,100,7.95,21.81,40.46
MD Bimenyimana,T20I,7,100,4.23,8.98,58.16
Naved-ul-Hasan,ODI,1,100,5.35,26.0,57.03
JNT Seales,Test,1,100,3.39,24.58,73.74
TL Chatara,ODI,1,99,5.37,31.23,56.7
PP Ojha,IPL,5,99,7.36,23.56,37.24
Avesh Khan,IPL,5,99,9.24,27.17,36.0
IK Pathan,IPL,5,99,7.78,26.76,43.3
SP Narine,ODI,1,99,4.1,24.04,60.17
ER Oza,T20I,7,98,5.06,11.99,52.01
AR Patel,T20I,0,98,7.52,20.4,40.44
LH Ferguson,ODI,6,98,5.71,31.31,54.8
PD Collingwood,ODI,6,98,4.85,34.95,48.96
KH Brunt,ODI,1,98,3.79,22.29,66.9
IJR Zwilling,T20I,7,98,5.04,14.86,58.4
AY Patel,Test,3,97,3.14,27.04,73.78
S Luus,ODI,1,97,4.7,26.3,51.06
L Delany,T20I,0,97,6.17,15.93,41.45
TM Dilshan,ODI,6,97,4.92,42.9,45.28
DJ Hawoe,T20I,0,96,7.15,20.52,46.7
SR Clark,Test,3,96,2.6,23.36,79.36
AJ Hosein,T20I,5,96,7.41,25.09,40.05
JA Morkel,IPL,5,96,8.15,24.57,39.34
KK Ahmed,IPL,5,96,8.92,25.77,43.3
AL Phehlukwayo,ODI,6,96,5.8,30.73,48.2
Zahoor Khan,ODI,1,95,4.99,24.42,55.27
KL Cross,ODI,1,95,4.48,24.52,63.68
S Ismail,T20I,0,95,5.87,18.44,51.95
SFM Devine,T20I,0,95,7.08,18.52,41.92
RL Chase,Test,3,95,3.54,47.64,66.57
Mohammad Asif,Test,3,95,2.91,23.56,77.84
Saeed Ajmal,T20I,0,94,6.36,16.13,43.36
Imad Wasim,PSL,5,94,7.09,27.11,38.91
A Nel,ODI,1,94,4.62,23.4,62.79
Umar Gul,T20I,0,94,7.29,15.19,41.75
Sompal Kami,ODI,1,94,5.41,27.41,58.3
M Prasidh Krishna,IPL,5,94,8.83,26.28,41.24
A Gardner,T20I,0,93,6.6,18.23,39.94
SM Pollock,Test,3,93,2.5,27.81,79.86
A Shrubsole,ODI,1,93,4.18,23.43,65.5
GD McGrath,Test,3,93,2.39,20.39,82.0
EA Perry,T20I,7,93,5.84,16.88,52.2
MM Patel,ODI,1,93,4.89,27.47,58.72
F Banunaek,T20I,0,93,6.96,20.66,45.11
DJ Bravo,T20I,5,93,8.11,21.59,30.51
I Ranaweera,T20I,0,93,6.01,17.02,41.14
M Kapp,T20I,7,93,5.6,17.89,53.42
Kuldeep Yadav,T20I,0,93,6.87,13.37,41.07
MJ McClenaghan,ODI,4,92,5.9,25.14,52.46
MRJ Watt,T20I,0,92,7.02,20.85,38.54
Junaid Siddique,ODI,1,92,5.1,26.27,59.84
IO Okpe,T20I,0,92,6.57,16.68,44.15
ASS Fletcher,ODI,1,92,4.71,24.49,53.15
A Shrubsole,T20I,7,92,5.92,14.51,54.66
DL Chahar,IPL,5,92,8.24,29.64,42.92
B Kumar,T20I,0,92,7.05,22.55,49.29
B Muzarabani,T20I,0,92,6.86,20.51,47.45
Sompal Kami,T20I,0,91,7.16,20.41,47.01
S Glenn,T20I,0,91,6.05,16.12,42.57
DS Kulkarni,IPL,5,91,8.27,27.19,42.64
Fatima Sana,ODI,1,91,5.44,25.03,56.05
Z Bimenyimana,T20I,0,91,7.14,19.79,49.83
A King,ODI,7,91,4.28,17.57,56.61
M Klaas,ODI,1,91,5.03,28.24,59.41
Imran Anwar,T20I,0,91,7.07,19.82,43.15
SM Sharif,T20I,5,91,8.02,20.44,37.46
HH Pandya,ODI,6,91,5.59,34.47,51.78
SJ Benn,Test,3,90,2.79,36.66,74.1
T Shamsi,T20I,5,90,7.43,20.6,35.98
L Ngidi,T20I,5,90,8.6,20.44,42.71
M Jansen,Test,1,89,3.27,21.12,74.86
Ravi Bishnoi,IPL,5,89,8.34,28.02,34.43
PA van Meekeren,T20I,0,89,7.09,19.75,46.24
KV Sharma,IPL,5,89,8.38,24.89,34.01
Mohammad Amir,ODI,1,88,4.78,26.81,58.29
M Morkel,IPL,5,88,7.63,23.74,44.95
Mohammad Irfan,ODI,1,88,4.9,28.97,60.16
E Chigumbura,ODI,6,88,5.85,39.66,52.83
HH Pandya,IPL,5,88,9.32,31.11,34.62
CK Langeveldt,ODI,1,88,5.16,29.55,56.69
DJG Sammy,ODI,6,87,4.68,43.4,52.73
CE Dean,ODI,1,87,4.73,22.54,56.76
RW Price,ODI,6,87,4.12,32.41,57.07
Rohan Mustafa,ODI,1,87,4.49,29.95,53.85
R Shepherd,T20I,5,87,9.98,25.55,30.22
DJG Sammy,Test,3,86,2.89,34.97,75.28
C de Lange,T20I,7,86,5.14,16.28,47.12
PJ Cummins,IPL,5,86,8.81,29.3,37.82
Wahab Riaz,Test,3,86,3.33,33.3,71.35
K Rabada,T20I,5,86,8.33,26.62,42.69
W Mwatile,T20I,7,86,4.44,14.93,64.71
Imran Tahir,IPL,5,86,7.76,19.8,34.24
P Kumar,ODI,6,86,5.13,32.26,57.89
M Theekshana,T20I,5,86,7.04,24.02,39.07
AM Kimote,T20I,0,85,6.97,15.05,45.14
CA Young,T20I,5,85,8.18,20.59,39.8
L Balaji,IPL,5,85,8.03,23.86,38.39
M Akayezu,T20I,0,85,7.9,19.2,45.36
AJ Hall,ODI,1,85,4.57,22.96,57.74
SM Boland,Test,1,85,2.85,17.93,76.51
I Ranaweera,ODI,1,84,4.56,29.56,55.02
Vraj Patel,T20I,7,84,5.39,13.27,51.77
R McLaren,ODI,1,84,5.23,24.44,54.9
S Sreesanth,Test,3,84,3.58,37.75,73.72
Shadab Khan,ODI,6,84,5.27,33.0,47.16
T Natarajan,IPL,5,83,9.18,28.65,31.66
Mahmudullah,ODI,6,83,5.36,42.88,45.71
EA Perry,ODI,1,83,4.5,27.84,62.85
LMM Tahuhu,T20I,0,83,6.65,19.75,50.57
MA Starc,T20I,0,83,7.71,22.66,47.85
Hasan Ali,Test,3,83,3.02,26.66,77.44
Sikandar Raza,ODI,6,83,4.95,41.47,49.34
A Symonds,ODI,6,83,5.1,34.87,48.81
BM Scholtz,T20I,0,83,6.31,20.49,40.61
N Mlaba,T20I,0,82,6.43,20.05,44.92
MM Patel,IPL,0,82,7.46,20.71,44.8
R Bhatia,IPL,5,82,7.4,24.63,28.51
N de Klerk,ODI,1,82,5.2,26.55,56.31
GH Dockrell,T20I,0,82,6.78,18.24,35.9
AB Dinda,IPL,5,82,8.13,25.28,42.35
MJ Santner,Test,3,82,2.81,31.74,74.06
C Sutthiruang,T20I,7,82,4.52,14.84,63.41
K Kunwar,T20I,7,81,4.21,9.93,64.25
KA Jamieson,Test,1,81,2.65,19.49,80.84
KA Green,T20I,7,81,4.36,13.28,61.24
KA Pollard,IPL,5,81,8.74,26.91,28.21
Yasim Murtaza,T20I,0,81,6.43,18.77,43.55
JL Pattinson,Test,3,81,3.19,26.33,76.69
JE Root,Test,3,81,3.36,43.4,70.49
MA Starc,IPL,5,81,8.62,19.84,42.27
RP Singh,ODI,1,81,5.41,30.46,58.06
G Wareham,T20I,0,81,6.13,15.1,42.94
Nahida Akter,ODI,1,81,3.94,20.3,59.7
S Sreesanth,ODI,1,81,5.87,29.04,56.01
MNM Aslam,T20I,0,80,6.16,18.16,44.88
Hasan Ali,T20I,5,80,8.59,20.5,37.87
JA Warrican,Test,3,80,3.04,27.95,70.83
Mohammad Amir,T20I,0,79,7.12,19.95,47.03
MA Wood,ODI,6,79,5.57,38.67,53.32
M Theekshana,ODI,1,79,4.42,22.9,56.64
Aqib Iqbal,T20I,0,79,7.05,19.23,48.49
MVT Fernando,Test,3,79,3.52,31.73,71.76
A Nel,Test,3,79,3.06,32.0,76.75
GJ Maxwell,ODI,6,79,5.48,44.54,44.57
RJ Sidebottom,Test,3,79,2.77,27.43,78.85
HMRKB Herath,ODI,1,79,4.42,28.2,50.61
JR Hazlewood,T20I,0,79,7.36,20.41,47.79
Saad Bin Zafar,T20I,0,79,6.16,16.85,46.22
NR Sciver,T20I,0,78,6.44,19.04,43.46
JC Archer,IPL,5,78,7.95,24.63,45.45
Poonam Yadav,T20I,0,78,5.8,15.51,39.97
AR Patel,ODI,6,78,4.49,31.55,55.75
TA Boult,T20I,0,78,7.76,22.31,45.69
OE Robinson,Test,3,78,2.7,22.33,77.23
RS Gayakwad,ODI,1,78,3.89,20.42,60.13
AH Maqsood,T20I,0,78,5.67,15.76,45.2
SR Taylor,ODI,1,77,4.51,30.68,55.0
DAJ Bracewell,Test,3,77,3.31,37.31,74.19
JM Kerr,ODI,1,77,4.41,22.44,59.43
SC Williams,ODI,6,77,5.04,45.58,48.89
J Botha,ODI,6,77,4.6,36.12,48.17
Imad Wasim,T20I,0,77,6.24,19.77,42.62
CA Young,ODI,1,77,5.4,23.71,58.14
Mohammed Siraj,ODI,1,77,5.05,24.01,62.72
Salma Khatun,T20I,7,77,5.1,15.05,52.6
A Bohara,T20I,0,77,7.42,18.82,35.01
TT Bresnan,Test,3,76,3.02,31.01,77.58
RJ Peterson,ODI,6,76,4.86,29.57,50.67
Kuldeep Yadav,Test,1,76,3.53,22.42,70.77
LH Ferguson,T20I,0,76,7.22,16.93,48.41
JP Faulkner,IPL,5,76,8.68,23.67,35.4
A Mishra,Test,3,76,3.14,35.72,71.32
AC Jayangani,T20I,0,76,6.67,19.46,36.74
RD Chahar,IPL,5,76,7.77,28.89,35.16
Syed Aziz,T20I,0,76,7.25,20.03,46.39
Nashra Sandhu,T20I,0,76,5.56,18.88,44.35
BA Stokes,ODI,6,76,6.04,41.12,45.18
AM Fernando,Test,1,76,3.58,27.63,70.34
SB Styris,ODI,6,76,4.65,32.86,53.37
RE van der Merwe,T20I,0,75,6.56,18.48,39.23
SR Watson,Test,3,75,2.73,32.55,79.49
MJ McClenaghan,IPL,5,75,8.43,24.04,41.62
AG Cremer,ODI,6,75,4.84,34.43,50.56
Sohail Tanvir,ODI,6,75,5.19,33.79,58.43
CV Varun,T20I,0,75,7.56,16.17,40.39
Washeem Abbas,T20I,0,75,8.1,18.67,41.27
SCG MacGill,Test,3,75,3.32,32.35,74.4
Abdul Majid Abbasi,T20I,0,75,5.57,19.51,50.48
PZ Kamunya,T20I,7,75,3.9,8.8,62.6
N Senamontree,T20I,7,75,5.38,12.88,55.19
J Nkomo,T20I,7,75,5.07,12.28,59.82
T Shamsi,ODI,6,75,5.57,33.47,48.7
Mohammad Nawaz,T20I,0,74,7.33,19.58,35.16
MA Leask,ODI,1,74,4.96,27.58,52.53
Renuka Singh,T20I,0,74,6.61,20.66,49.35
AR McBrine,ODI,6,74,4.84,36.77,52.3
A Khaka,T20I,0,74,6.97,24.05,40.64
Shahadat Hossain,Test,3,74,4.02,44.39,67.8
Mustafizur Rahman,IPL,5,74,8.09,24.97,37.27
Rosine Irera,T20I,7,74,3.79,9.64,62.06
JH Kallis,IPL,5,74,7.86,30.99,36.55
JP Duminy,ODI,6,74,5.42,41.39,44.8
KDU Prabodhani,T20I,0,74,5.68,19.57,50.23
Iftikhar Anjum,ODI,1,73,4.92,30.14,58.63
L Embuldeniya,Test,3,73,3.21,35.77,70.98
KTGD Prasad,Test,3,73,3.67,34.68,69.93
R Trumpelmann,ODI,1,73,4.69,24.18,63.55
Mahedi Hasan,T20I,0,73,6.78,22.26,42.84
SK Trivedi,IPL,5,73,7.54,26.08,34.85
BAW Mendis,Test,3,73,3.05,33.34,71.34
WK Dilhari,T20I,0,73,6.38,19.32,38.69
Shafiul Islam,ODI,6,73,5.97,33.74,55.21
Mohammad Sami,ODI,1,73,4.86,27.11,60.48
SA Okpe,T20I,0,73,5.75,16.62,45.85
Q Abel,T20I,7,73,4.64,8.67,58.68
GH Dockrell,ODI,6,73,4.97,36.21,52.08
RTM Mendis,Test,3,73,3.18,30.3,68.58
JR Hopes,ODI,6,73,4.54,32.18,54.69
WPUJC Vaas,Test,3,73,2.83,29.41,77.05
MG Erasmus,T20I,0,72,6.0,14.54,43.55
AD Russell,ODI,6,72,5.81,30.56,51.96
KMDN Kulasekara,T20I,0,72,7.39,20.33,44.36
Chan Ka Man,T20I,7,72,4.41,12.97,55.23
Sana Mir,ODI,1,72,4.12,21.46,60.42
S Shillingford,Test,3,72,3.08,33.6,72.1
S Akiteng,T20I,7,72,4.62,13.08,55.85
Rumana Ahmed,T20I,0,72,5.58,14.01,42.16
P Aho,T20I,7,72,6.09,15.42,54.84
R Ashwin,T20I,0,72,6.98,22.38,41.47
DS Airee,T20I,0,71,6.12,16.87,43.27
LM Kasperek,T20I,0,71,6.79,15.01,37.9
JJ Smit,T20I,0,71,6.85,16.17,43.54
BMSM Kumari,T20I,0,71,6.05,23.32,45.92
KE Bryce,T20I,7,71,4.81,12.39,56.83
Junaid Khan,Test,3,71,2.92,31.73,75.57
KA Maharaj,ODI,6,71,4.77,31.0,49.95
F Nsubuga,T20I,7,71,4.64,14.07,60.73
N Pradeep,Test,3,71,3.49,42.3,71.15
JDS Neesham,ODI,6,71,6.32,35.56,48.71
NL McCullum,ODI,6,71,5.01,41.63,48.71
Abbas Afridi,PSL,5,71,9.61,21.13,33.83
SL Malinga,Test,3,71,3.75,34.79,69.23
Mahirah Izzati Ismail,T20I,7,71,4.76,13.04,50.17
CW Perchard,T20I,0,71,6.11,12.83,44.74
Shakib Al Hasan,IPL,5,71,7.44,25.9,35.24
A Nortje,Test,1,71,3.65,26.34,72.83
G Matome,T20I,7,70,4.19,10.87,65.56
SR Harmer,Test,1,70,2.88,21.49,74.86
AAP Atkinson,Test,1,70,3.67,23.87,72.39
Fahima Khatun,T20I,0,70,5.86,18.76,42.23
DJ Bravo,Test,3,70,3.2,41.69,74.26
Yasin Patel,T20I,0,70,5.98,17.11,49.42
N Mlaba,ODI,6,69,4.93,30.67,54.16
N Pradeep,ODI,6,69,6.03,32.8,51.0
SR Taylor,T20I,0,69,6.03,16.99,40.91
S Vijay Unni,T20I,0,69,6.19,18.84,44.96
Shoaib Bashir,Test,3,69,3.79,38.43,66.63
PJ Cummins,T20I,0,69,7.49,22.0,42.68
J Little,T20I,5,69,7.45,23.81,44.14
T Shadrack,T20I,7,69,3.98,10.41,67.84
IDR Bradshaw,ODI,1,69,4.22,25.14,63.0
D Wiese,T20I,0,68,7.07,17.65,40.67
D van Niekerk,ODI,1,68,3.55,22.15,62.11
Sadia Iqbal,T20I,0,68,5.73,16.71,47.73
SM Curran,T20I,5,68,8.81,27.01,33.65
Usama Mir,PSL,5,68,8.27,23.9,33.33
Sajid Khan,Test,1,68,3.42,27.65,69.49
O Prendergast,T20I,7,67,5.67,17.27,57.14
IS Sodhi,ODI,6,67,5.51,35.07,45.56
Ishtiaq Ahmad,T20I,0,67,6.77,14.93,48.53
MR Adair,ODI,6,67,5.76,31.93,56.73
IKEG Artawan,T20I,0,67,6.78,19.91,41.07
CA Soper,ODI,1,67,4.41,25.58,61.99
D Maisuria,T20I,7,67,5.48,9.09,54.72
DW Steyn,T20I,0,67,7.01,17.45,47.0
AF Milne,T20I,5,67,8.4,23.85,42.99
E Rukiriza,T20I,0,67,6.68,18.39,45.48
Kaleem Sana,T20I,7,67,6.1,13.39,55.61
Shoriful Islam,T20I,5,67,8.14,22.28,42.18
M Muralitharan,IPL,0,67,6.69,25.46,42.03
AJ Hosein,ODI,1,67,4.79,26.52,53.71
A Sutherland,ODI,1,67,4.67,20.48,59.1
WB Rankin,ODI,1,67,4.9,28.87,60.88
Sohail Tanvir,PSL,5,67,7.9,25.07,41.46
JDS Neesham,T20I,5,67,9.21,23.19,33.79
JR Hazlewood,IPL,5,67,8.44,21.72,44.58
R Ngarava,ODI,1,66,5.33,28.62,57.92
CB Mpofu,ODI,6,66,5.6,42.83,56.47
MN Samuels,ODI,6,66,4.8,44.02,49.88
SN Thakur,ODI,6,66,6.2,30.05,51.82
SW Tait,ODI,1,66,5.13,22.14,61.18
SJ Harmison,ODI,1,66,5.13,29.89,60.53
MG Johnson,IPL,5,66,8.24,25.88,44.77
JO Holder,IPL,5,66,8.62,23.8,34.77
BJ McCarthy,T20I,5,65,8.65,28.09,37.96
P Vastrakar,T20I,0,65,6.36,19.11,49.57
NM Hauritz,Test,3,65,3.11,33.91,74.49
A Mishra,ODI,1,65,4.79,21.89,55.31
Mohammad Hafeez,T20I,0,65,6.66,21.15,39.58
DJS Dottin,T20I,0,65,7.11,15.26,45.28
M Wai Siu,T20I,7,65,4.79,13.14,60.93
LM Jongwe,T20I,5,65,8.45,20.34,30.67
Diana Baig,ODI,6,65,5.11,35.68,59.88
E Bisht,ODI,1,65,3.92,19.65,61.62
DE Bollinger,ODI,1,65,4.53,22.8,61.35
SCJ Broad,T20I,5,65,7.63,22.78,43.47
Poonam Yadav,ODI,1,65,4.1,27.12,56.26
J Little,ODI,6,64,6.23,32.31,51.88
AU Rashid,Test,3,64,3.76,37.34,64.48
NR Sciver,ODI,1,64,4.56,28.34,57.65
Ravi Bishnoi,T20I,0,64,7.3,17.58,43.46
Rishad Hossain,T20I,5,64,8.18,21.73,37.94
JA Diergaardt,T20I,7,64,5.57,15.34,49.72
A Dutt,ODI,1,64,4.82,30.64,58.92
SR Magar,T20I,7,64,4.75,12.8,50.29
TL Chatara,T20I,0,64,7.16,21.17,45.16
K Fraser,T20I,7,64,5.42,13.77,49.13
S Thakor,T20I,7,64,5.53,13.94,52.12
LH Ferguson,IPL,5,64,9.03,25.47,38.6
A Ikuzwe,T20I,7,64,4.86,12.36,57.93
Zahoor Khan,T20I,0,64,6.72,17.73,38.01
B Kumar,Test,3,64,2.94,25.69,78.3
LN Oluoch,T20I,0,64,7.16,18.64,48.8
AS Joseph,T20I,5,63,9.13,23.73,38.96
IK Gamantika,T20I,0,63,5.89,16.24,44.34
P Maya,T20I,7,63,5.63,13.75,56.01
S Kaul,IPL,5,63,8.59,27.6,33.74
XJ Doherty,ODI,6,63,4.79,34.76,51.06
BJ McMullen,ODI,1,63,4.48,20.41,64.31
CE Dean,T20I,0,63,6.92,17.27,43.05
SA Jumbe,T20I,0,63,7.66,20.27,42.5
N de Klerk,T20I,5,63,7.5,25.1,38.02
JC Tredwell,ODI,1,63,4.77,26.05,52.42
SM Curran,IPL,5,63,9.68,32.27,32.86
NL McCullum,T20I,0,63,6.83,20.29,36.33
WD Parnell,T20I,5,63,8.23,24.02,38.8
A Nortje,IPL,5,63,9.02,26.92,40.16
PA van Meekeren,ODI,1,63,5.37,24.37,56.24
Faheem Ashraf,T20I,5,62,7.83,24.15,40.02
S Chaturongrattana,T20I,7,62,4.44,9.97,56.46
AD Russell,T20I,5,62,9.47,30.31,35.13
JC Archer,T20I,5,62,8.3,22.21,44.82
NP Kenjige,ODI,6,62,4.22,31.84,57.65
A Nortje,T20I,0,62,7.34,19.03,44.92
Muhammad Nadir,T20I,7,62,5.23,17.35,53.0
YM Nkanya,T20I,7,62,5.21,12.89,51.68
Imran Tahir,T20I,0,62,6.73,14.98,33.94
IE O'Brien,Test,3,62,3.4,34.61,75.86
HM Rowe,ODI,1,62,4.78,26.58,59.67
J Miyaji,T20I,7,62,6.18,13.06,53.75
Nida Dar,ODI,6,62,4.61,35.5,55.92
JA Duffy,T20I,0,62,8.03,19.77,46.72
Naseem Shah,Test,3,62,3.65,34.0,71.62
JC Archer,ODI,1,61,4.98,24.33,61.52
Mohammad Wasim,PSL,5,61,9.59,28.82,31.91
JC Archer,Test,3,61,2.98,29.61,77.01
Naseem Shah,ODI,1,61,5.51,24.56,55.58
I Nakisuuyi,T20I,7,61,4.92,13.72,52.84
S Rana,ODI,1,61,5.03,26.59,50.39
D Olivier,Test,1,61,3.73,23.48,73.32
S Dharnidharka,T20I,7,61,5.17,13.15,61.4
NT Ellis,T20I,0,61,7.78,16.03,40.05
Rahat Ali,Test,3,61,3.2,37.11,74.72
B Muzarabani,ODI,6,61,5.14,32.9,56.87
Imran Khan,T20I,0,61,7.11,19.39,46.69
BAW Mendis,T20I,0,61,6.58,15.08,40.41
Ahmed Raza,ODI,1,61,4.14,28.21,57.23
RC Belbashi,T20I,7,61,4.43,14.64,54.3
Noor Ahmad,IPL,5,60,8.11,22.82,34.55
Imran Tahir,Test,3,60,3.48,38.23,68.67
Imran Tahir,PSL,0,60,7.05,18.33,33.01
RM Koda,T20I,0,60,6.65,22.4,48.76
KJ O'Brien,ODI,6,60,5.64,36.37,53.57
S Siegers,T20I,0,60,5.84,21.48,47.21
KJ Garth,ODI,1,60,4.21,20.25,65.63
SMSM Senanayake,ODI,6,60,4.77,31.23,52.97
T Panyangara,ODI,6,60,5.58,40.32,57.18
SK Warne,IPL,5,60,7.27,24.12,37.02
R Abdulkareem,T20I,0,60,6.37,13.05,45.45
PVD Chameera,ODI,6,60,5.49,34.15,56.22
TU Deshpande,IPL,5,60,9.96,29.53,36.52
C Kyewuta,T20I,0,60,6.61,15.28,51.74
JN Frylinck,T20I,0,59,6.98,18.19,39.44
Muslim Yar,T20I,0,59,6.76,18.1,41.56
SFM Devine,ODI,6,59,4.86,35.17,59.82
S Pandey,ODI,1,59,4.09,20.93,64.2
D van Niekerk,T20I,0,59,5.46,16.34,42.36
JN Gillespie,ODI,1,59,3.93,21.78,66.53
BA Carse,Test,1,59,3.83,29.68,69.24
CJ Anderson,ODI,0,59,6.08,24.81,48.86
AR Patel,Test,1,59,2.53,19.0,77.59
Sohail Tanvir,T20I,0,59,7.19,23.97,42.8
BJ McCarthy,ODI,1,59,5.94,29.63,54.76
Mohammad Hasnain,PSL,5,59,9.01,25.14,39.98
AF Milne,ODI,6,59,5.46,33.71,56.38
CL Tryon,ODI,6,59,4.79,36.41,54.96
KA Pollard,ODI,6,59,5.72,34.9,40.57
L Ngidi,Test,1,59,3.14,22.98,76.76
JJ Smit,ODI,1,58,4.3,21.33,62.48
D Hazell,T20I,0,58,5.55,18.03,44.65
V Sehwag,ODI,6,58,5.03,35.12,45.62
D Gough,ODI,1,58,4.49,25.1,62.71
IS Sodhi,Test,3,58,3.71,43.1,68.4
B Ward,T20I,0,58,5.68,12.97,43.02
MA Leask,T20I,0,58,7.46,19.76,37.85
UWMBCA Welegedara,Test,3,58,3.53,39.19,72.21
KA Maharaj,T20I,5,58,7.89,24.38,34.33
A Mohammed,ODI,1,58,4.55,26.09,52.71
Sayed Monib,T20I,0,58,8.41,16.6,39.88
RP Singh,T20I,7,58,5.66,13.72,52.37
Jasdeep Singh,ODI,6,58,5.48,30.07,53.87
RMS Eranga,Test,3,58,3.26,36.86,72.48
JEC Franklin,ODI,6,58,5.09,36.74,56.49
N Vanua,T20I,0,58,7.5,18.48,43.71
TG Southee,IPL,5,57,8.64,30.56,39.26
MR Marsh,ODI,6,57,5.49,35.28,49.93
Zulfiqar Babar,Test,3,57,2.85,37.35,73.62
DJS Dottin,ODI,1,57,5.18,23.53,57.12
A Mohammed,T20I,0,57,5.85,19.82,41.5
AC Jayangani,ODI,6,57,5.29,33.0,48.76
LM Kasperek,ODI,1,57,4.08,19.05,58.3
OU Ranasinghe,T20I,0,57,6.95,19.68,37.29
Rohan Mustafa,T20I,0,57,6.67,17.09,36.76
G Wareham,ODI,1,57,4.39,24.54,56.61
Sadia Iqbal,ODI,1,57,4.04,21.7,62.33
MA Wood,T20I,5,57,8.49,18.77,42.86
JS Patel,Test,3,57,3.26,49.25,73.32
Ghulam Ahmadi,T20I,0,57,6.29,18.89,52.48
Umaid Asif,PSL,5,57,8.42,25.6,36.44
CRD Fernando,Test,3,56,3.52,36.45,70.62
Zeeshan Maqsood,ODI,1,56,4.22,26.79,55.91
RA Jadeja,T20I,5,56,7.2,27.82,39.37
IK Pathan,Test,3,56,3.23,30.68,75.65
N Vanua,ODI,6,56,5.11,32.55,57.01
A Dananjaya,ODI,6,56,5.16,30.64,50.53
NLTC Perera,T20I,5,56,9.33,30.07,29.46
NM Hauritz,ODI,6,56,4.73,33.32,48.69
SS Connell,T20I,0,56,6.85,24.11,49.28
EAJ Richardson,T20I,0,56,6.02,17.61,44.25
M Mooketsi,T20I,0,56,6.21,17.39,52.18
MJ Clarke,ODI,6,56,4.91,32.52,44.38
C Murray,T20I,0,55,6.78,20.11,38.2
CAK Rajitha,Test,3,55,3.22,28.51,73.85
CB Sole,ODI,1,55,4.97,21.55,63.52
MP Stoinis,T20I,5,55,8.78,23.49,34.88
DS Airee,ODI,1,55,4.06,27.67,56.36
AG Cremer,Test,3,55,3.78,44.09,65.34
Anam Amin,T20I,0,55,5.85,19.64,47.92
RS Gayakwad,T20I,0,55,6.16,18.36,47.71
SR Watson,T20I,5,55,7.62,21.58,37.22
HNK Jensen,T20I,0,55,6.86,16.91,40.79
P Useni,T20I,0,55,6.31,16.89,51.64
Mohammad Rafique,ODI,6,55,4.44,38.89,54.99
Mohammad Rafique,Test,3,55,3.05,40.98,71.91
B Murekatete,T20I,7,55,4.76,12.09,64.72
S Ravichandran,T20I,7,55,4.9,11.29,52.83
WA Duraisingam,T20I,0,55,5.9,20.73,49.14
Nur Dania Syuhada,T20I,7,55,5.16,16.07,49.37
T van der Gugten,T20I,0,55,7.6,19.55,41.46
Mohammad Nawaz (3),PSL,5,55,7.14,24.51,41.61
K Ramharack,ODI,1,55,4.65,28.47,53.59
JN Gillespie,Test,3,55,2.66,29.82,79.62
S Badree,T20I,0,55,6.31,20.18,47.06
C Rububagumya,T20I,0,55,7.49,19.82,39.86
Naseem Shah,PSL,5,55,8.17,29.07,42.67
SS Cottrell,T20I,5,54,8.09,21.57,44.91
S Nadeem,IPL,5,54,7.54,33.04,33.05
GJ Maxwell,T20I,5,54,8.12,27.83,31.35
AL Phehlukwayo,T20I,5,54,8.87,20.59,32.58
DE Bollinger,Test,1,54,3.18,24.0,76.35
MJ Henry,T20I,5,54,8.51,21.46,44.06
Yasir Ali,T20I,7,54,5.61,11.11,49.69
Ainna Hamizah Hashim,T20I,0,54,5.59,19.57,51.45
AC Agar,T20I,0,54,6.55,20.59,35.66
Muhammad Jawadullah,T20I,0,54,7.63,17.28,43.32
Rumman Raees,PSL,5,54,7.88,23.87,37.82
C Murray,ODI,6,54,5.91,28.56,46.04
Bilal Hassun,T20I,0,54,6.7,14.43,52.29
M Bibi,T20I,7,54,5.95,15.93,52.71
HASD Siriwardene,T20I,0,53,6.01,19.7,39.69
LA Marsh,ODI,1,53,4.11,26.17,59.3
Qamar Mushtaque,T20I,0,53,6.71,12.87,45.9
Salman Irshad,PSL,5,53,9.6,25.68,29.73
Syed Rasel,ODI,1,53,4.66,30.21,61.8
M Pathirana,IPL,5,53,8.66,19.17,36.93
FH Edwards,ODI,1,53,4.97,27.58,58.32
Mohammad Sami,PSL,0,53,6.89,16.79,45.68
Mohammad Hafeez,Test,3,53,2.72,31.77,72.63
CT Tremlett,Test,3,53,2.91,27.0,76.78
LK Bell,T20I,0,53,7.11,17.3,46.25
RP Burl,T20I,5,53,7.24,22.21,37.74
S Gopal,IPL,5,53,8.16,25.45,32.86
Sana Mir,T20I,0,53,6.08,27.89,42.11
DR Smith,ODI,6,53,5.06,34.94,54.23
Washington Sundar,T20I,0,52,6.93,21.63,40.76
MG Erasmus,ODI,1,52,4.49,24.94,59.43
S Joseph,Test,1,52,3.75,21.25,69.27
MR Marsh,Test,3,52,3.5,39.63,72.01
M Klaas,T20I,5,52,7.89,26.88,39.04
LA Burns,T20I,7,52,5.4,12.13,50.78
SS Cottrell,ODI,6,52,5.98,30.38,53.53
A Shukla,T20I,5,52,7.94,25.88,44.44
MD Craig,Test,3,52,3.8,44.73,69.78
E Wachira,T20I,7,52,4.71,11.46,54.81
E Sebareme,T20I,7,52,5.87,14.44,49.87
KM Jarvis,ODI,6,52,5.13,33.23,58.47
Janak Prakash,T20I,5,52,8.72,22.79,38.9
Umair Tariq,T20I,0,52,8.55,15.67,45.1
OC McCoy,T20I,5,52,8.75,22.85,38.53
AA Alleyne,ODI,1,52,5.51,25.4,54.52
AJ Tye,T20I,5,52,8.69,19.17,36.05
JL Gunn,T20I,0,52,6.51,16.29,38.16
NM Coulter-Nile,ODI,1,52,5.59,29.21,55.18
NM Coulter-Nile,IPL,0,52,7.62,21.15,44.69
Fatima Sana,T20I,0,52,7.33,23.13,42.74
Zeeshan Maqsood,T20I,0,52,6.54,20.92,39.68
Jahanara Alam,T20I,0,52,6.14,19.27,52.6
SP Narine,T20I,0,51,6.01,20.45,43.04
Khizar Hayat,T20I,0,51,6.45,20.39,40.7
GP Swann,T20I,0,51,6.39,16.41,36.39
Mariamma Hyder,T20I,7,51,5.15,15.61,51.72
DR Tuffey,ODI,1,51,4.96,30.88,62.45
MM Ali,T20I,5,51,8.3,26.8,33.4
Taranjeet Singh,T20I,0,51,6.8,17.53,45.37
Dawood Ahmadzai,T20I,0,51,6.23,17.27,48.41
Bilal Zalmai,T20I,5,51,7.27,24.84,39.81
DBL Powell,ODI,1,51,4.69,31.65,63.52
T Lungameni,ODI,1,51,4.53,23.29,61.6
A Sutherland,T20I,0,51,6.41,16.08,44.72
Shoriful Islam,ODI,1,51,5.52,28.27,57.92
K Irakoze,T20I,0,51,7.0,21.22,44.07
Mukesh Kumar,IPL,5,51,10.42,27.0,34.3
Abrar Ahmed,T20I,0,51,6.75,17.37,42.77
R Trumpelmann,T20I,5,51,8.22,24.35,38.92
Usman Najeeb,T20I,0,51,7.61,18.76,44.9
NW Sariani,T20I,7,51,3.58,7.27,63.61
SR Clark,ODI,1,51,4.78,26.92,57.67
D Heyliger,T20I,0,51,7.47,23.8,45.74
DJ Willey,T20I,5,51,8.25,22.69,40.67
Zaman Khan,PSL,5,51,8.69,22.55,36.9
LN Rajbanshi,ODI,1,50,4.03,25.26,60.95
J Coetzee,T20I,7,50,4.73,8.08,60.04
CH Morris,ODI,6,50,5.62,34.86,53.9
Usman Shinwari,PSL,5,50,8.65,23.22,34.53
Abrar Ahmed,PSL,5,50,7.85,23.32,35.24
VG Arora,IPL,5,50,9.56,26.58,37.29
H Fennell,T20I,7,50,6.06,12.74,53.41
GJ Delany,T20I,5,50,7.59,26.0,35.12
I Barma,T20I,7,50,4.56,12.5,52.37
Shakeel Ahmed,ODI,7,50,3.45,14.16,67.32
JA Morkel,ODI,6,50,5.54,34.14,49.68
SN Shihepo,T20I,7,50,5.09,12.34,59.07
T Thushara,ODI,1,50,5.21,26.82,57.54
JC Tongue,Test,1,50,3.94,25.84,68.67
JL Gunn,ODI,1,50,4.23,22.84,60.12
SB Jakati,IPL,5,50,8.01,29.02,32.66
Aayan Afzal Khan,ODI,1,50,4.13,27.16,59.88
WP Masakadza,T20I,5,50,7.31,28.94,34.96
LV van Beek,ODI,6,50,5.68,31.8,56.52
AN Kelly,ODI,1,50,4.86,26.86,55.82
DJG Sammy,T20I,5,50,7.27,21.98,35.17
R Rampaul,Test,3,49,2.95,34.8,74.92
DM Kimmince,T20I,0,49,6.72,18.51,36.67
A Reddy,T20I,5,49,7.68,24.96,35.36
DM de Silva,ODI,6,49,5.17,36.04,45.46
Rabeya Khan,T20I,0,49,5.49,16.84,43.29
Amna Tariq,T20I,7,49,5.11,16.39,51.64
L Tshuma,T20I,0,49,5.69,16.47,45.36
PA Chatterji,T20I,0,49,5.72,17.65,50.72
I van Zyl,T20I,7,49,4.73,15.08,57.52
DL Brangman,T20I,7,49,5.68,12.78,53.56
M Morkel,T20I,0,49,7.39,23.9,46.06
Fayyaz Butt,T20I,5,49,7.83,21.82,43.59
KD Mills,T20I,5,49,8.17,25.06,41.69
A Kumble,IPL,0,49,6.54,21.59,40.93
N Navaika,T20I,7,49,5.35,12.16,50.6
K Nassoro,T20I,0,49,6.71,19.73,45.9
C de Grandhomme,Test,3,49,2.38,32.96,80.21
KMDN Kulasekara,Test,3,49,3.04,34.8,74.69
Khushi Sharma,T20I,7,49,5.32,13.53,53.21
Shahid Afridi,PSL,5,49,7.17,24.69,39.43
KDA Lukies,T20I,7,48,5.41,12.02,55.31
EN Lynch,T20I,7,48,5.27,15.98,49.08
FJ Klaassen,T20I,0,48,7.64,22.56,44.0
M Jansen,ODI,6,48,6.29,33.5,56.49
HC Knight,ODI,1,48,4.47,21.12,54.78
CJ Jordan,PSL,5,48,8.62,23.65,32.03
Abrar Ahmed,Test,3,48,3.6,32.92,68.8
JW Dernbach,T20I,5,48,8.45,24.04,39.44
SC Williams,T20I,5,48,6.88,26.17,33.67
KM Jarvis,Test,3,48,3.21,28.21,74.45
S Aravind,IPL,5,48,8.19,21.65,39.68
JDF Vandersay,ODI,1,48,5.32,26.4,47.62
KJ O'Brien,T20I,0,48,7.09,14.79,39.1
Usman Khan,T20I,0,48,6.97,13.21,44.32
MP Stoinis,ODI,6,48,6.01,42.31,45.1
TJ Murtagh,ODI,1,48,4.58,26.33,62.2
RJW Topley,ODI,1,48,5.39,25.1,56.97
Nur Arianna Natsya,T20I,7,48,5.46,14.81,52.88
Riazat Ali Shah,T20I,0,48,6.88,17.85,45.78
AJ Tye,IPL,5,48,8.55,20.4,32.61
M Hill,T20I,7,48,5.0,15.54,52.63
D Madushanka,ODI,0,48,6.07,22.04,54.55
LV van Beek,T20I,0,48,7.79,17.52,42.13
G Motie,T20I,5,48,7.99,23.96,35.88
WB Rankin,T20I,0,48,6.39,19.33,47.42
P Marange,T20I,7,48,4.4,14.46,59.62
RJ Harris,IPL,0,47,7.54,22.28,46.82
Zain Ul Abidin,T20I,0,47,5.79,16.94,46.06
TS Sekhukhune,T20I,0,47,7.62,19.85,42.99
MP Stoinis,IPL,5,47,9.81,31.98,29.05
Shiraz Khan,T20I,0,47,6.35,20.64,44.93
SM Curran,Test,3,47,3.23,35.51,75.02
V Saini,T20I,0,47,7.26,22.06,43.17
RE van der Merwe,ODI,6,47,4.71,32.34,49.64
CJ Jordan,ODI,6,47,6.08,35.04,50.15
Aamir Kaleem,T20I,0,47,7.7,18.02,35.76
Iqra Sahar,T20I,7,47,5.25,18.79,61.09
Mohammad Ali,PSL,5,47,8.69,18.89,40.95
S Tuhadeleni,T20I,7,47,5.09,11.7,56.17
Shoaib Akhtar,Test,1,47,3.46,23.6,72.35
Mohammad Saifuddin,T20I,5,47,8.67,26.83,32.65
OH Agbomadzie,T20I,7,47,5.48,15.0,52.07
Umar Adam,T20I,0,47,7.34,19.13,45.85
Fitri Sham,T20I,0,47,6.79,18.02,42.06
PWH de Silva,IPL,5,47,8.41,23.81,34.59
A Vala,ODI,1,47,3.93,27.83,58.08
BFW de Leede,T20I,0,46,7.89,18.59,37.38
S Molineux,T20I,0,46,6.0,18.48,41.88
Maria Jasvi,T20I,7,46,5.64,15.89,53.02
HWA Landheer,T20I,7,46,5.92,14.5,53.25
SVE Bharathi,T20I,7,46,5.02,12.65,52.81
RJ Harris,ODI,7,46,4.83,18.09,59.38
R Vinay Kumar,ODI,6,46,5.93,30.93,54.51
Mohammad Wasim,T20I,5,46,8.34,19.35,40.78
CR Brathwaite,ODI,6,46,5.8,35.37,47.27
K Ndlovu,T20I,7,46,5.98,18.33,54.02
Mohammad Naveed,ODI,1,46,5.33,29.59,56.37
B Evans,T20I,0,46,7.83,16.11,42.08
V Hamunyela,T20I,7,46,4.75,16.43,56.5
Mohammad Irfan,PSL,5,46,6.93,29.15,47.29
B Muzarabani,Test,3,46,3.44,28.46,73.56
Vinay Ravi,T20I,0,46,6.78,17.93,52.74
Taskin Ahmed,Test,3,46,3.56,39.98,72.29
Mohamed Shafeeq,T20I,5,46,7.87,24.93,46.17
SN Netravalkar,T20I,0,46,7.2,22.93,43.91
V Vira,T20I,7,46,4.31,9.61,63.31
PM Seelaar,T20I,5,46,7.22,23.33,34.64
S Muniandy,T20I,5,46,8.72,24.46,32.69
F Overdijk,T20I,0,46,6.35,14.59,50.63
MC Henriques,IPL,5,46,8.13,28.02,33.12
MM Ali,IPL,5,46,7.22,22.37,35.32
Basil Hameed,ODI,1,46,4.17,20.8,57.69
YK Pathan,IPL,5,46,7.4,30.76,36.53
Al-Amin Hossain,T20I,0,46,7.08,15.48,44.61
Tanzim Hasan Sakib,T20I,5,46,8.31,24.09,43.75
Khalid Ahmadi,T20I,0,46,6.55,14.04,49.83
KW Richardson,T20I,5,46,8.28,21.98,39.43
VR Aaron,IPL,5,46,8.87,32.2,41.42
Renuka Singh,ODI,1,46,4.91,25.17,59.83
S Luus,T20I,5,45,6.87,25.02,35.71
TM Odoyo,ODI,1,45,4.36,25.58,63.91
BFW de Leede,ODI,6,45,6.0,31.96,51.43
M Mwatile,T20I,7,45,5.71,12.87,49.34
Yash Dayal,IPL,5,45,9.47,30.89,36.21
Mohammad Wasim,ODI,1,45,5.57,25.33,53.55
SE Bond,Test,1,45,3.22,17.56,75.07
Iqbal Abdulla,IPL,5,45,7.23,24.64,37.61
Kaleemullah,ODI,1,45,4.31,32.11,66.04
KW Richardson,ODI,1,45,5.67,27.56,51.33
Kaleem Sana,ODI,1,45,4.35,19.84,65.39
AD Mathews,T20I,5,45,7.11,29.47,44.77
LK Bell,ODI,1,45,5.49,29.87,59.33
GJ Maxwell,IPL,5,45,8.3,31.4,32.97
Aqib Ilyas,T20I,0,45,6.03,15.53,42.53
Shakeel Ahmed,T20I,0,45,6.51,22.49,45.02
K Waiswa,T20I,0,45,7.19,14.67,43.38
S Jimmy,T20I,7,44,4.96,11.0,55.21
CL Tryon,T20I,5,44,6.93,32.59,39.08
PJ Sangwan,IPL,5,44,8.63,28.16,39.26
Mas Elysa,T20I,7,44,5.56,14.57,50.43
AR Nurse,ODI,6,44,5.54,45.18,44.26
M Jansen,IPL,5,44,9.43,34.07,38.16
Nayeem Hasan,Test,3,44,3.07,28.8,72.13
I Ntirenganya,T20I,0,44,6.79,20.02,50.71
S Randiv,Test,3,44,3.07,36.66,70.21
Rashid Khan,PSL,0,44,6.14,15.48,44.44
Raja Adeel,T20I,7,44,5.81,12.48,55.2
S Veerapathiran,T20I,5,44,8.03,21.16,39.22
Namgay Thinley,T20I,0,44,5.75,15.25,48.0
Imad Wasim,ODI,6,44,4.89,43.39,48.66
JEC Franklin,Test,3,44,3.43,40.41,73.82
NN Saidi,T20I,7,44,4.72,11.77,55.32
V Vijh,T20I,5,44,8.01,20.36,32.79
JS Patel,ODI,6,44,5.0,33.55,48.7
JW Hastings,ODI,1,44,5.07,28.55,54.24
JP Duminy,Test,3,44,3.55,36.39,66.61
D Wiese,PSL,5,43,8.26,28.3,26.58
K Ramharack,T20I,0,43,6.67,23.93,38.98
DE Bollinger,IPL,0,43,7.19,16.12,46.71
DBL Powell,Test,3,43,3.62,54.7,71.59
N Sibanda,T20I,7,43,5.24,16.86,57.35
AC Evans,T20I,5,43,8.08,19.81,41.55
SM Curran,ODI,6,43,6.08,35.49,49.5
Sami Sohail,T20I,0,43,7.16,16.63,39.57
Mohammad Saifuddin,ODI,6,43,6.04,28.98,47.05
TS Mills,PSL,5,43,8.35,21.0,42.06
NLKWR Dewi,T20I,7,43,4.06,8.74,64.86
NK Patel,ODI,1,43,4.67,27.7,53.23
DM de Silva,Test,3,43,3.33,52.84,65.47
Rabeya Khan,ODI,1,43,3.96,23.67,56.87
S Kotte,T20I,7,43,3.97,11.53,61.55
M Koli,T20I,0,43,7.26,18.53,50.83
P Awana,IPL,5,43,8.22,23.93,40.88
CD Collymore,Test,3,43,2.81,37.74,77.31
Sohail Khan,PSL,5,43,8.85,32.37,38.24
S Sreesanth,IPL,5,43,7.93,27.77,46.07
G Motie,ODI,6,43,4.75,30.74,53.53
MG Johnson,T20I,0,42,7.21,18.98,45.55
Sahel Zadran,T20I,0,42,7.13,20.52,45.66
Ikramullah Khan,T20I,5,42,8.29,21.98,36.08
JNT Seales,ODI,1,42,5.84,28.64,55.79
AS Qwele,T20I,7,42,4.41,8.36,64.64
Nasrulla Rana,T20I,5,42,8.34,23.93,39.97
S Tippoch,T20I,7,42,4.46,13.64,53.83
Ritu Moni,T20I,0,42,5.69,16.76,45.15
Syazrul Idrus,T20I,0,42,7.18,13.33,46.58
Washington Sundar,IPL,5,42,7.74,35.4,33.85
Mahmudullah,Test,3,42,3.44,46.4,65.75
P Mishra,T20I,5,42,7.1,25.0,41.6
GD Arta,T20I,0,42,5.9,17.74,51.39
Mashrafe Mortaza,Test,3,42,3.26,41.88,73.48
HH Streak,ODI,1,42,4.19,24.76,63.72
Harshit Rana,IPL,5,42,9.45,24.5,40.12
Sazib Bhuiyan,T20I,5,42,8.45,15.19,32.45
Diana Baig,T20I,0,42,6.25,22.71,50.22
VD Philander,ODI,1,42,4.59,23.48,61.29
MD Shanaka,T20I,5,42,8.18,25.1,31.18
C Rumistrzewicz,T20I,7,42,4.75,10.38,48.46
KKN Egodage,T20I,7,42,5.04,15.0,50.0
J Botha,T20I,0,42,6.35,19.81,40.2
TS Sekhukhune,ODI,6,42,5.03,32.38,56.93
SC Selman,T20I,0,42,6.01,21.31,47.82
SK Raina,ODI,6,42,5.1,43.02,45.1
S Ecclestone,Test,3,42,2.85,28.33,77.43
R Sharma,IPL,5,42,7.02,25.86,37.07
AF Giles,ODI,1,41,4.06,28.05,53.71
S Bodha,T20I,5,41,8.37,19.27,38.87
Muhammad Amir,T20I,0,41,6.83,14.68,43.1
L Ngidi,IPL,5,41,8.5,18.66,39.07
B Shikongo,T20I,0,41,6.86,18.46,44.56
Ali Naseer,T20I,5,41,7.67,21.05,40.0
Khawar Ali,ODI,1,41,4.72,29.02,51.59
Khawar Ali,T20I,0,41,6.66,16.15,34.06
M Prasidh Krishna,ODI,1,41,6.01,26.88,55.31
SS Connell,ODI,6,41,4.91,38.32,58.1
Mengting Liu,T20I,7,41,4.14,7.46,64.64
EJ Carson,T20I,0,41,6.54,18.17,41.08
KS Williamson,ODI,6,41,5.35,31.95,42.98
AA Patil,T20I,0,41,5.94,18.51,42.63
J Maguire,T20I,0,41,6.57,18.37,48.11
Khushdil Shah,PSL,5,41,8.02,22.49,35.94
A Gurung,T20I,7,41,3.82,11.39,63.9
Sahir Naqash,T20I,0,41,7.35,14.07,42.46
Mohammad Nadeem,T20I,5,41,7.78,25.39,37.98
Mohammad Asif,ODI,1,41,4.66,32.54,63.0
KH Brunt,Test,1,41,2.45,19.44,80.15
SIP Fernando,T20I,0,41,6.07,17.83,46.12
CH Gayle,Test,3,41,2.72,41.76,70.96
RL Chase,ODI,6,41,5.08,47.17,48.09
RL Chase,T20I,5,41,7.56,26.29,34.04
GK Diviya,T20I,7,41,4.17,13.9,62.24
Sirajullah Khadim,T20I,0,41,6.17,14.24,48.06
RS Bopara,ODI,6,41,4.92,36.39,50.58
Wahab Riaz,T20I,5,41,8.07,23.68,38.92
RR Patel,T20I,0,40,5.91,14.3,44.23
Shahnawaz Dhani,PSL,5,40,9.02,20.32,39.37
Fayyaz Butt,ODI,6,40,5.67,31.18,52.8
G Sesay,T20I,7,40,5.79,10.88,55.65
WD Parnell,IPL,5,40,7.71,23.42,42.8
K McGill,T20I,0,40,6.09,12.32,46.3
LN Rajbanshi,T20I,0,40,6.56,20.32,44.35
MG Bracewell,ODI,6,40,4.91,34.38,51.37
TT Soe,T20I,7,40,4.07,10.2,56.31
L Malino,T20I,7,40,4.6,11.2,59.93
L Idambo,T20I,7,40,5.01,12.85,62.76
L Cardoso,T20I,7,40,4.37,7.82,57.67
DT Christian,IPL,5,40,8.07,29.8,35.67
A Doddaballapur,T20I,7,40,4.1,7.6,61.12
KA Pollard,T20I,5,40,8.37,28.5,29.74
KJ Abbott,Test,3,40,2.55,22.15,80.74
RM Farrell,T20I,0,40,5.64,14.58,45.16
SA Wittmann,T20I,7,40,5.07,16.5,59.67
AF Giles,Test,3,40,3.17,49.05,71.25
C Hinze,T20I,7,40,5.18,13.18,57.94
C Green,Test,3,40,3.5,37.98,70.8
L Udeh,T20I,7,40,3.95,9.65,68.09
RP Singh,Test,3,40,3.97,42.05,72.08
I Takahashi,T20I,0,40,5.92,16.5,51.27
I Toua,T20I,7,40,4.68,14.08,53.88
Sadia Yousuf,T20I,0,40,6.25,17.15,39.91
H Thaker,T20I,0,40,6.07,18.0,47.05
Asmavia Iqbal,T20I,0,40,6.09,16.23,49.45
Abbas Afridi,T20I,0,40,8.45,14.75,38.42
DL Vettori,T20I,0,40,5.83,19.32,40.38
Chaya Mughal,T20I,7,40,4.65,17.8,60.5
CR Seneviratna,T20I,7,40,4.76,10.9,57.45
MS Kasprowicz,Test,3,39,3.18,29.15,75.34
MS Gony,IPL,5,39,8.65,33.0,40.99
Yuvraj Singh,IPL,5,39,7.43,27.62,30.92
C Wright,T20I,0,39,6.8,18.54,45.61
Rubel Hossain,Test,3,39,3.83,70.87,66.81
A Kohli,T20I,7,39,5.72,16.0,50.53
Anwar Ali,PSL,5,39,9.08,33.46,35.5
HJ Manenti,T20I,0,39,6.69,11.69,43.77
M Ribeiro,T20I,7,39,4.54,9.26,64.78
RA Mair,T20I,0,39,6.57,22.77,44.02
CBRLS Kumara,ODI,6,39,6.48,32.05,52.25
Rizwan Haider,T20I,0,39,7.35,17.85,45.07
S Pandey,T20I,0,39,6.63,23.23,48.29
D Jakiel,T20I,0,39,7.37,17.82,49.82
GC Murtaza,T20I,0,39,7.62,22.18,46.99
Mashrafe Mortaza,T20I,5,39,8.18,36.59,36.96
SA Abbott,ODI,6,39,5.7,32.59,53.55
LE Plunkett,Test,3,39,3.36,36.18,73.91
VJ Kingma,ODI,1,39,5.1,26.56,62.32
Ijaz Hussain,T20I,0,39,7.25,14.1,45.05
W O'Rourke,Test,1,39,3.61,24.28,74.97
Puja Mahato,T20I,7,39,5.06,16.77,56.39
MN Samuels,Test,3,39,3.36,46.67,66.3
DT Johnston,ODI,1,39,4.53,28.38,61.08
Simi Singh,T20I,5,39,7.38,26.54,32.19
LT Bichard,T20I,0,39,6.07,16.0,44.89
M Kartik,IPL,5,39,7.22,35.59,35.1
Fahima Khatun,ODI,6,39,4.54,30.26,50.48
Ebadat Hossain,Test,3,39,3.54,52.18,73.0
T Mupariwa,ODI,6,39,5.27,30.92,54.84
PWA Mulder,Test,3,39,2.87,25.33,77.28
WK Dilhari,ODI,6,38,4.98,34.66,49.31
H Hotchandani,T20I,7,38,4.83,15.71,53.17
D Heyliger,ODI,1,38,5.09,23.26,58.25
CJA Amini,T20I,0,38,6.39,19.68,37.89
D Pretorius,ODI,1,38,4.97,24.92,54.11
Sohag Gazi,Test,3,38,3.04,42.08,69.79
TK Curran,ODI,6,38,5.91,33.95,46.34
PADLR Sandakan,Test,3,38,3.69,33.58,63.13
KP Meiyappan,ODI,6,38,5.53,29.32,49.25
KV Morea,T20I,0,38,7.37,15.29,39.75
UDU Chandana,ODI,1,38,4.85,26.42,51.41
JM Kerr,T20I,0,38,6.38,26.74,48.27
Aisya Eleesa,T20I,7,38,5.63,17.39,50.5
KM Beams,ODI,1,38,3.93,19.95,58.34
Sarawut Maliwan,T20I,0,38,6.6,18.05,38.62
DP Nannes,IPL,0,38,7.25,20.66,47.08
D Bishoo,ODI,6,38,4.93,43.89,50.07
SI Mahmood,ODI,1,38,5.63,29.29,55.9
A Nortje,ODI,1,38,5.85,25.84,53.27
Mudassar Bukhari,T20I,0,38,6.7,14.58,45.77
J Sumerauer,T20I,0,38,7.2,20.71,44.82
SJ Benn,ODI,6,38,4.89,48.95,50.44
S Randiv,ODI,6,38,5.07,31.95,46.94
GD Elliott,ODI,6,38,5.5,28.95,47.13
OU Ranasinghe,ODI,1,38,5.32,26.55,46.88
Hamza Tahir,ODI,1,38,4.29,26.47,54.98
Amjad Sher,T20I,0,38,6.67,18.92,51.0
R Andrew,T20I,7,38,5.53,15.29,55.71
Sarfaraz Ali,T20I,0,38,7.13,21.08,38.13
Nasum Ahmed,T20I,5,38,7.61,25.61,41.33
Basil Hameed,T20I,0,38,7.01,15.74,38.87
PE Mendonca,T20I,7,38,4.76,14.55,53.08
P Negi,IPL,5,38,7.87,24.71,34.78
TL Best,Test,3,38,3.67,35.84,70.95
Mahmudullah,T20I,5,38,7.37,27.05,32.97
I Danladi,T20I,0,38,5.74,13.39,47.18
NC Monteiro,T20I,7,37,4.17,8.97,59.41
DN Wellalage,ODI,6,37,5.07,31.78,51.15
C Mahamalage,T20I,7,37,5.65,16.78,51.82
MR Marsh,IPL,5,37,8.47,21.49,33.57
R Slater,T20I,0,37,6.53,19.32,51.75
YK Pathan,ODI,6,37,5.5,36.89,42.95
R Shepherd,ODI,6,37,5.48,35.92,54.74
HK Bennett,ODI,1,37,5.5,22.16,55.64
M Taniyama,T20I,7,37,5.31,10.95,51.97
CBRLS Kumara,T20I,5,37,8.3,19.59,39.69
K Klein,ODI,7,37,4.93,18.38,61.96
BD Glover,T20I,0,37,6.58,13.54,49.67
Ali Nayyer,T20I,0,37,7.18,17.78,46.55
Mir Hamza,PSL,5,37,8.67,26.97,39.65
SN Thakur,T20I,5,37,9.09,20.03,38.65
M Markande,IPL,5,37,9.15,30.95,29.69
S Yeshi,T20I,0,37,5.56,18.19,49.59
AJ Parmar,T20I,0,37,6.31,12.27,42.59
P Siaka,T20I,7,37,4.27,10.08,54.2
JF Mooney,ODI,1,37,5.47,29.68,56.1
V Sehwag,Test,3,37,2.92,42.95,71.04
MS Kasprowicz,ODI,7,37,3.96,15.49,63.98
AC Evans,ODI,1,37,5.45,31.03,58.86
KJ Garth,T20I,0,37,6.73,24.3,47.82
N Nipiko,T20I,0,37,7.8,14.19,42.57
N Boje,Test,3,37,3.26,50.11,72.51
Mohsin Khan,IPL,5,37,8.3,22.65,44.39
DL Piedt,Test,3,37,3.76,41.11,68.2
SA Abbott,T20I,5,37,9.19,23.11,36.2
KR Mayers,Test,1,37,2.43,16.81,80.04
NLTC Perera,IPL,5,37,8.7,27.46,33.95
JA Duffy,ODI,1,37,5.86,22.95,59.26
A Vala,T20I,0,37,6.48,15.59,38.39
SC Selman,ODI,1,36,4.13,31.06,59.61
KK Cooper,IPL,5,36,7.87,21.03,36.22
Abdur Razzak,T20I,0,36,6.94,19.61,42.95
L Bruce,T20I,5,36,8.08,27.0,39.75
Kaleemullah,T20I,0,36,7.05,23.97,47.28
MG Bracewell,T20I,0,36,7.34,20.56,37.69
AI Chudasama,T20I,7,36,5.14,17.72,52.62
MJ Potts,Test,3,36,3.29,33.36,76.37
DM Bess,Test,3,36,2.93,33.97,74.63
JN Frylinck,ODI,1,36,4.4,25.61,58.87
NM Coulter-Nile,T20I,5,36,8.23,22.25,40.75
C Bosch,T20I,0,36,7.86,16.44,41.37
CJ Jordan,IPL,5,36,9.55,30.03,33.14
JP Faulkner,T20I,5,36,7.97,19.0,32.43
DJ Willey,PSL,5,36,8.35,20.06,43.35
TM Dilshan,Test,3,36,3.09,43.61,68.84
Maryam Omar,T20I,7,36,4.84,14.39,56.54
BA Carse,ODI,6,36,6.27,38.19,52.66
G Motie,Test,1,36,3.26,26.28,69.54
L Paul,T20I,0,36,5.85,15.33,42.76
I Nandakumar,T20I,7,36,4.79,19.0,55.66
Amjad Mahboob,T20I,5,36,8.31,20.11,39.58
TL Best,ODI,1,36,5.13,26.28,59.71
M Theekshana,IPL,5,36,8.25,33.53,31.09
M Tom,T20I,7,36,5.17,16.58,59.16
BMSM Kumari,ODI,6,36,5.23,39.92,48.15
Hasan Mahmud,Test,3,36,3.52,30.31,72.63
BJ Currie,T20I,7,36,5.88,12.25,51.78
HJ Thomas,T20I,7,36,5.01,15.83,55.93
Sadia Yousuf,ODI,1,36,4.4,25.89,55.74
Gulsan Jha,ODI,6,36,6.04,30.75,52.59
Washington Sundar,Test,3,36,3.24,32.97,68.08
D Brown,T20I,0,36,6.51,23.81,53.16
A Chandel,T20I,7,36,4.78,15.08,56.6
R Tewatia,IPL,5,36,7.89,30.86,31.95
CD Collymore,ODI,6,35,4.18,36.11,61.62
Mohammad Sami,Test,3,35,3.78,64.69,69.66
S Nampiina,T20I,7,35,5.04,8.43,55.56
AD Mathews,Test,3,35,2.71,51.37,76.57
H Rathod,T20I,0,35,6.49,12.09,35.81
SA Ahmad,T20I,0,35,5.63,14.83,47.38
KJ Abbott,ODI,1,35,4.82,30.03,60.78
NK Ariani,T20I,7,35,4.5,8.69,57.28
KD Mills,Test,3,35,3.01,29.91,77.64
MH Ushanga,T20I,7,35,4.71,12.94,53.03
Aayan Afzal Khan,T20I,0,35,5.75,16.66,45.72
SNJ O'Keefe,Test,3,35,2.77,29.4,73.65
VP Thamotharam,T20I,5,35,7.72,27.2,39.32
EA Osborne,ODI,1,35,4.5,21.77,53.39
Ali Khan,ODI,7,35,4.75,15.49,61.46
Mohameed Taiwo,T20I,0,35,6.34,21.89,50.48
Rahat Ali,PSL,5,35,7.82,22.86,41.69
LS Livingstone,T20I,5,35,8.71,23.94,33.1
A Nehra,T20I,0,35,7.83,21.11,42.4
M Ashwin,IPL,5,35,7.99,33.2,34.14
Harmeet Singh,T20I,0,35,6.94,20.46,37.0
Harpreet Brar,IPL,5,35,7.97,31.71,34.33
HDJ Siegers,T20I,7,35,5.47,15.06,53.63
BJ Currie,ODI,7,35,3.84,11.71,68.8
HR Huddleston,ODI,1,35,4.34,22.77,64.21
JM Bird,Test,3,35,3.2,29.77,77.21
Akif Javed,PSL,5,35,9.06,22.66,39.43
AG Cremer,T20I,5,35,7.28,20.83,34.78
Jasdeep Singh,T20I,5,35,8.31,25.4,39.72
R Rijke,T20I,7,35,5.22,13.0,56.41
D Pretorius,T20I,5,35,8.25,19.89,30.24
Abdur Rehman,ODI,6,35,4.2,31.37,56.09
GF Linde,T20I,5,34,7.43,23.38,39.56
Naeem Islam,ODI,6,34,4.92,33.65,48.35
Mohammad Naveed,T20I,7,34,5.75,14.47,53.41
JE Taylor,T20I,5,34,8.62,22.91,41.33
CA Henry,ODI,6,34,5.05,38.0,58.67
K Hinds,T20I,7,34,5.63,15.09,55.21
MM Baig,T20I,0,34,7.57,14.44,45.24
PJ Ongondo,ODI,1,34,4.58,28.74,65.65
A Dananjaya,Test,1,34,3.55,24.09,68.4
MM Sharma,ODI,1,34,5.44,30.0,56.75
Ateeq Iqbal,T20I,0,34,6.04,19.62,49.62
AM Fernando,ODI,6,34,5.95,31.15,54.03
D Hazell,ODI,1,34,3.93,25.97,58.23
DL Vettori,IPL,5,34,6.79,25.85,36.42
Usman Shinwari,ODI,7,34,4.85,16.91,59.77
NO Miller,ODI,6,34,4.91,41.0,49.15
A Salomao,T20I,7,34,5.18,16.18,58.4
Joshua Asia,T20I,7,34,4.67,9.85,48.37
A King,T20I,0,34,6.39,16.56,41.59
CM Gough,T20I,7,34,4.93,14.85,55.37
A Dcosta,T20I,7,34,5.48,14.29,52.07
BV Sears,T20I,5,34,8.06,20.5,41.43
BA Williams,ODI,1,34,4.04,18.91,67.12
AR Cusack,ODI,1,34,5.22,24.94,54.36
Sikandar Raza,Test,3,34,3.3,46.09,67.82
Khurram Shahzad,PSL,0,34,8.13,18.18,45.39
EA Osborne,T20I,0,34,5.71,17.09,37.38
RJ Peterson,Test,3,34,3.52,39.65,73.35
RJW Topley,T20I,5,34,8.3,28.76,40.88
AAP Rivero,T20I,7,33,5.21,12.39,48.83
SZ Vayani,T20I,0,33,6.75,20.94,46.25
K Amuge,T20I,7,33,4.31,8.27,63.42
C Campher,T20I,5,33,8.35,31.58,32.31
CJA Amini,ODI,6,33,4.85,39.03,53.55
CAK Rajitha,ODI,6,33,6.3,36.48,55.41
GT Main,ODI,7,33,5.32,17.94,59.73
S Prasanna,ODI,6,33,5.43,52.21,45.88
MM Patel,Test,3,33,3.02,37.24,76.5
K Klein,T20I,0,33,8.18,16.94,44.15
Amarpal Kaur,T20I,7,33,4.37,7.91,55.31
S Molineux,ODI,7,33,3.88,16.48,64.13
A Kirschbaum,T20I,7,33,5.73,17.09,51.61
Aysha,T20I,0,33,6.31,19.7,47.25
AJ Bichel,ODI,1,33,4.41,27.82,60.88
Shivam Mavi,IPL,5,33,8.63,28.55,40.76
L Bull,T20I,7,33,4.43,9.24,55.93
PP Chawla,ODI,6,33,5.1,33.85,52.7
RR Powar,ODI,6,33,4.68,33.58,53.66
GD Phillips,Test,3,33,3.57,31.03,63.24
G Onions,Test,3,33,3.57,29.0,73.23
Faheem Ashraf,ODI,6,33,5.22,44.39,52.88
Rahmatullah Mangal,T20I,0,33,6.79,14.27,49.04
V Zimonjic,T20I,0,33,7.77,23.3,48.82
Haider Ali,T20I,0,33,6.24,17.39,46.92
M Pathirana,T20I,5,33,8.26,19.03,38.16
P Koech,T20I,0,33,7.72,18.48,49.16
HR Walsh,T20I,5,33,7.91,23.94,33.72
MF Maharoof,IPL,0,33,7.34,15.76,41.65
BV Vitori,ODI,6,33,5.84,30.24,52.98
LA Dawson,T20I,5,33,7.76,23.33,35.13
EU Kejarukua,T20I,7,33,4.72,17.52,55.18
Khaled Ahmed,Test,3,33,3.53,46.61,71.66
Junaid Khan,PSL,5,33,8.42,23.64,35.79
C Campher,ODI,6,33,5.6,30.39,52.79
SN Thakur,Test,3,33,3.73,31.03,69.44
BA Pai,T20I,0,33,6.58,23.27,49.71
BW Hilfenhaus,ODI,6,33,5.24,32.58,59.43
TM McGrath,ODI,6,33,5.18,29.33,50.04
AB Agarkar,IPL,5,33,8.81,34.88,34.82
JH Davey,T20I,5,33,8.1,22.94,37.25
A Gardner,Test,1,33,2.53,18.15,77.43
K Piet,T20I,0,32,6.68,18.38,47.92
HASD Siriwardene,ODI,6,32,4.73,41.0,52.31
SW Bates,T20I,0,32,6.54,20.69,36.41
Waqar Ali,T20I,7,32,4.64,7.16,54.73
Waqar Zalmai,T20I,5,32,8.54,23.12,40.38
SR Patel,PSL,5,32,7.59,24.0,38.55
M Jansen,T20I,5,32,8.87,28.88,45.28
Haroon Arshad,T20I,5,32,8.35,22.31,41.91
A Kumble,ODI,6,32,4.57,35.75,55.33
A Zampa,IPL,5,32,8.38,20.38,30.62
FC Jonas,T20I,0,32,5.96,23.62,44.94
MA Baig,T20I,7,32,4.84,8.84,55.27
IM Vaghela,T20I,7,32,5.02,12.62,54.45
TK Curran,T20I,5,32,9.22,28.34,32.37
A Mokgotlhe,T20I,7,32,5.16,20.22,58.51
LJ Myott,T20I,0,32,6.04,14.06,42.95
Anam Amin,ODI,1,32,3.91,22.75,63.83
I Udana,T20I,5,32,8.69,28.59,32.44
Naseem Shah,T20I,5,32,8.17,30.38,42.72
KMA Paul,ODI,6,32,6.17,35.5,48.42
PVD Chameera,Test,3,32,3.87,41.28,67.5
Ilenia Sims,T20I,0,32,5.89,13.81,40.22
Marufa Akter,ODI,1,32,4.61,29.0,63.19
EA Perry,Test,3,32,2.5,24.12,77.86
Ibrahim Hassan,T20I,5,32,7.4,25.72,47.53
DT Hondo,ODI,6,32,5.21,36.5,58.25
OEG Baartman,T20I,0,32,8.11,18.47,45.77
Karanbir Singh,T20I,0,32,8.3,15.22,38.92
Khadija Tul Kubra,T20I,0,32,5.31,15.09,45.42
J Theron,ODI,1,32,5.1,20.84,54.34
Adnan Idrees,T20I,0,32,7.7,19.69,37.88
MJ Clarke,Test,3,32,2.89,36.09,70.42
MI Khagoitsa,T20I,7,32,4.18,9.94,66.89
T Zangmo,T20I,7,32,4.86,16.25,49.69
AF Ifill,T20I,0,32,6.15,16.44,49.9
S Kananji,T20I,7,32,4.5,10.97,69.66
JE Ronalds,T20I,7,32,4.5,9.78,55.88
R Samson,T20I,7,32,5.19,12.03,54.61
KDU Prabodhani,ODI,6,32,4.62,38.88,59.62
SF Daley,T20I,7,32,5.56,12.72,51.48
DL Chahar,T20I,5,32,8.33,22.47,43.05
SF Jerome,T20I,7,32,4.23,12.22,55.32
K Arua,T20I,7,32,4.61,10.56,52.73
R Sakurano-Thomas,T20I,0,32,6.9,17.31,50.83
Abdullah Akbarjan,T20I,0,32,6.77,15.09,35.05
N Thushara,T20I,5,32,8.16,22.88,38.1
R Sai Kishore,IPL,5,32,8.86,20.34,30.39
D Suzuki,T20I,0,32,7.16,18.72,44.62
Ahsan Malik,T20I,0,32,7.54,17.62,36.75
CH Morris,T20I,5,32,8.45,20.94,40.34
Ruchitha Venkatesh,T20I,7,31,5.02,20.65,53.33
R Rampaul,T20I,5,31,8.19,25.9,39.63
DMW Rawlins,T20I,0,31,6.18,21.16,50.24
DN Wyatt,T20I,0,31,5.35,15.35,46.44
H Kaur,T20I,0,31,6.4,16.94,40.24
BA Stokes,IPL,5,31,8.59,32.0,36.08
KTGD Prasad,ODI,6,31,5.83,29.65,53.81
A Morris,T20I,0,31,5.89,16.55,49.9
GA Priandana,T20I,0,31,7.33,16.58,42.99
MJ Santner,IPL,5,31,7.5,27.74,36.05
MD Botha,T20I,7,31,3.99,8.65,63.28
K Bhurtel,T20I,0,31,7.11,16.13,39.1
K Joshi,T20I,0,31,5.3,18.45,46.91
Saim Ayub,T20I,0,31,7.36,19.26,39.01
A Singh,IPL,0,31,7.85,20.0,42.19
Umran Malik,IPL,5,31,9.32,24.9,43.66
Azhar Mahmood,IPL,5,31,7.75,22.58,38.01
V Permaul,Test,3,31,3.36,38.16,70.69
A Dutt,T20I,0,31,6.9,21.77,43.1
A Gbla,T20I,0,31,6.65,13.61,45.14
E Malinga,IPL,5,31,9.23,19.35,36.41
E Toguchi-Quinn,T20I,7,31,4.86,12.13,55.17
Mustafizur Rahman,Test,3,31,3.18,36.74,74.85
JW Dernbach,ODI,6,31,6.35,42.19,47.37
GI Hume,ODI,1,31,5.42,25.1,55.1
BMAJ Mendis,ODI,6,31,5.17,38.23,42.04
Vijaykumar Vyshak,IPL,5,31,10.48,28.39,27.98
JDP Oram,Test,3,31,2.34,34.61,81.83
Bilal Muhammad,T20I,0,31,6.7,18.32,48.53
SR Tendulkar,ODI,6,31,5.51,44.61,43.63
AR McBrine,Test,3,31,3.53,38.84,66.54
AR Puri,T20I,5,31,7.91,28.32,37.54
CR Woakes,IPL,5,31,8.95,21.23,39.23
CR Woakes,T20I,5,31,8.14,25.74,42.01
LA Marsh,T20I,0,31,5.27,18.35,43.52
T Lungameni,T20I,5,31,7.51,29.45,40.33
T Thushara,Test,3,31,3.65,31.65,71.28
Harmeet Singh,ODI,1,31,3.99,23.23,60.39
HV Patel,T20I,5,31,9.11,24.84,36.29
Abrar Ahmed,ODI,1,31,4.56,21.16,54.75
MR Gillespie,ODI,6,31,5.41,38.45,58.97
BM Tickner,ODI,6,31,6.38,29.45,51.63
KS Williamson,Test,3,31,3.37,38.94,68.36
MV Pavlovic,T20I,0,31,6.75,14.48,43.86
KA Jamieson,T20I,5,31,9.52,34.61,40.24
Simi Singh,ODI,1,30,3.83,20.3,60.44
M Kartik,ODI,6,30,5.05,33.97,50.33
Anas Khan,T20I,0,30,6.26,12.2,43.59
AM Blignaut,ODI,6,30,5.18,38.83,58.86
S Shrivastava,ODI,7,30,5.13,18.13,56.6
SF Tiai,T20I,0,30,7.21,19.3,37.34
SC van Schalkwyk,T20I,5,30,8.6,17.1,31.01
Priyada Murali,T20I,0,30,5.96,18.63,44.58
DP Nannes,T20I,0,30,7.52,15.3,46.45
R Shimwamana,T20I,7,30,3.56,10.8,64.65
AM Phangiso,ODI,1,30,4.58,27.63,55.71
S Conteh,T20I,7,30,5.5,12.43,52.33
C Udekwe,T20I,7,30,5.75,14.53,56.92
B White,T20I,5,30,8.34,30.13,34.46
Ibrahim Rizan,T20I,0,30,6.89,21.43,41.79
IJ Harvey,ODI,1,30,4.5,22.9,57.6
Pratik Singh Bais,T20I,7,30,5.38,14.7,56.3
A Dananjaya,T20I,5,30,8.22,30.93,34.12
SK Raina,IPL,5,30,7.39,37.27,32.93
Harmeet Singh,IPL,5,30,7.91,23.23,38.0
S Georgota,T20I,7,30,5.56,14.87,49.48
S Dube,T20I,5,30,9.67,26.0,30.99
Yuvraj Singh,T20I,0,30,7.14,15.7,34.6
HMCM Bandara,ODI,6,30,4.97,32.33,45.47
T Wangchuk,T20I,0,30,7.35,24.0,47.11
TL Chatara,Test,3,30,2.39,24.27,81.17
N Shree Charani,ODI,6,30,5.68,34.37,47.2
JE Root,ODI,6,30,5.9,55.93,39.88
B Lee,T20I,5,30,7.62,23.8,43.95
Marufa Akter,T20I,0,30,6.39,23.43,51.52
TM Head,ODI,6,30,5.76,37.9,42.78
CM Greechan,T20I,7,30,3.52,8.9,61.1
M Upadhayay,T20I,7,30,4.57,8.53,59.82
ND Laegsgaard,T20I,7,30,5.79,14.77,51.63
JA Burrows,T20I,0,30,7.64,16.63,40.56
JN Loftie-Eaton,ODI,1,30,5.26,23.27,51.26
SW Tait,T20I,0,30,7.43,19.93,50.52
Muhammad Wafiq,T20I,5,30,7.55,27.73,43.87
Abu Jayed,Test,3,30,3.4,37.27,74.38
ST Gabriel,ODI,6,30,6.14,36.27,50.14
JA Morkel,T20I,5,30,8.08,27.6,35.93
Bismah Maroof,T20I,0,30,6.06,19.77,34.41
J Shaju,T20I,0,30,7.67,17.03,42.5
D Klein,T20I,0,30,6.06,17.87,52.54
O Thomas,ODI,6,30,6.67,33.03,52.58
Nazmul Hossain,ODI,6,30,5.22,32.23,58.96
SR Patil,T20I,0,30,7.02,17.37,43.82
DT Tiripano,ODI,6,30,5.86,40.93,50.12
D Parashar,T20I,0,30,6.75,21.37,45.26
CJ Chibhabha,ODI,6,30,5.91,45.7,51.44
B Lee,IPL,6,30,7.4,36.5,45.05
Habib Khan,T20I,0,30,6.94,17.23,46.53
Milind Kumar,ODI,7,30,4.27,17.4,57.71
MB Tambe,T20I,0,30,7.08,19.17,39.22
Ahmed Raza,T20I,5,30,6.49,29.5,39.12
MS Panesar,ODI,6,30,4.5,32.67,55.43
KA Jamieson,ODI,6,30,5.29,32.67,59.98
Mohammad Nawaz,PSL,5,30,9.18,33.67,31.67
IJR Zwilling,ODI,7,29,3.43,13.9,70.45
Washington Sundar,ODI,6,29,4.95,28.86,51.53
AJ Hall,Test,3,29,3.23,33.55,74.03
Waqas Ahmad,T20I,0,29,7.1,14.24,43.55
Imran Haider,ODI,1,29,5.32,24.62,51.74
Rubel Hossain,T20I,5,29,9.43,29.03,32.84
C de Grandhomme,ODI,6,29,4.78,41.93,53.74
CA Soper,T20I,0,29,7.01,16.72,42.41
Waqas Maqsood,PSL,5,29,8.58,20.86,32.86
AA Rahayu,T20I,7,29,5.72,13.17,53.12
B Stanlake,T20I,0,29,7.75,18.76,49.17
J Overton,T20I,0,29,8.22,16.45,44.25
SPD Smith,ODI,6,29,5.41,33.48,42.75
P Malav,T20I,0,29,7.63,19.03,36.18
Imran Khan (2),Test,3,29,3.35,31.62,75.11
W O'Rourke,ODI,6,29,5.63,31.79,57.13
NK Patel,T20I,7,29,5.65,12.41,50.0
B Ito-Davis,T20I,7,29,4.31,7.83,59.49
SJ Coyte,T20I,7,29,5.32,12.48,48.77
P Vastrakar,ODI,6,29,5.48,35.55,55.94
PADLR Sandakan,ODI,6,29,6.17,53.07,42.25
Gulsan Jha,T20I,0,29,7.29,21.79,40.38
SR Watson,PSL,5,29,8.27,21.1,35.59
OF Smith,T20I,5,29,10.2,26.62,30.4
W Nalisa,T20I,0,29,7.24,19.28,39.09
Sasha Azmi,T20I,7,29,4.48,12.72,55.87
D Brown,ODI,6,29,4.99,31.9,60.34
Saad Bin Zafar,ODI,6,29,4.23,36.55,56.29
Usman Qadir,T20I,5,29,8.07,19.07,39.17
NM Lyon,ODI,6,29,4.92,46.0,50.55
ST Finn,T20I,0,29,7.36,19.28,48.03
SW Bates,ODI,6,29,5.01,43.45,53.84
MJ McClenaghan,T20I,5,29,7.74,27.14,41.48
K Juma,T20I,7,29,5.71,12.34,54.26
Ashwin Vinod,T20I,0,29,7.33,18.48,49.89
CN Greaves,ODI,0,29,5.46,20.55,49.77
Taijul Islam,ODI,1,29,4.73,23.79,54.57
KOK Williams,T20I,5,29,9.37,23.1,30.54
KC Brathwaite,Test,3,29,3.32,53.72,63.02
Adil Butt,T20I,0,29,7.87,17.97,48.87
Shafina Mahesh,T20I,0,29,5.99,20.76,54.39
Sufiyan Muqeem,PSL,0,29,7.88,18.52,37.9
Amjad Javed,T20I,0,29,6.93,13.9,46.13
L Filer,ODI,1,29,5.31,23.83,58.77
CR Brathwaite,T20I,5,29,8.71,32.66,32.36
A Mazvishaya,T20I,0,29,6.01,15.79,46.39
M Syrioti,T20I,7,29,5.57,16.59,54.05
L Moises,T20I,7,29,4.03,9.52,61.31
A Makri,T20I,7,29,6.09,16.97,54.02
AE Satterthwaite,ODI,1,29,4.73,28.66,52.66
S Rana,T20I,0,29,6.05,17.38,44.4
LE Plunkett,T20I,5,29,8.15,21.21,38.85
HMD Rasangika,T20I,0,29,6.79,17.21,41.27
G Coetzee,ODI,0,29,6.67,23.31,53.62
LK O'Reilly,T20I,0,29,6.09,15.86,45.03
Hasan Mahmud,ODI,6,29,5.97,30.72,57.03
Hasan Mahmud,T20I,5,29,7.8,23.21,42.08
Harbhajan Singh,T20I,0,28,6.2,21.75,40.58
Harshit Rana,ODI,0,28,6.22,25.43,51.09
HA Chohan,T20I,0,28,6.17,16.54,51.33
A Canning,T20I,1,28,5.38,25.29,55.32
DAJ Bracewell,ODI,1,28,4.99,30.18,59.25
Yash Thakur,IPL,5,28,10.34,27.5,33.33
DG Blampied,T20I,0,28,7.01,20.14,37.89
Yasir Shah,PSL,5,28,7.26,24.71,37.94
T Putthawong,ODI,7,28,3.69,15.39,66.71
T Tshose,T20I,0,28,7.27,21.46,44.15
G Bakiweyem,T20I,0,28,6.61,22.39,49.03
Anjar Tadarus,T20I,0,28,7.36,22.21,41.42
Aminata Kamara,T20I,7,28,5.27,18.68,58.49
G Ngegba,T20I,7,28,5.29,12.71,51.24
L Balaji,ODI,6,28,5.55,32.11,57.82
LM Jongwe,ODI,6,28,5.97,38.04,50.84
KM Jadhav,ODI,6,28,5.2,35.46,45.5
Tapash Baisya,ODI,6,28,5.71,38.82,57.27
MJ Humphreys,T20I,0,28,6.93,16.57,41.54
MG Bracewell,Test,3,28,3.6,42.79,71.24
Mohammad Kamran,T20I,7,28,4.84,12.36,60.61
Mohammad Nawaz,ODI,6,28,5.08,39.39,48.92
A Kamboj,IPL,5,28,8.86,21.57,41.56
Tuba Hassan,T20I,0,28,6.7,25.79,43.59
Mohammad Ilyas,PSL,5,28,9.29,25.39,38.13
Mohammad Hasnain,T20I,5,28,8.46,30.11,38.96
Shahadat Hossain,ODI,6,28,6.11,55.39,54.66
Akash Deep,Test,3,28,3.85,35.79,70.36
BTJ Wheal,T20I,5,28,8.48,25.04,41.94
Arshad Iqbal,PSL,5,28,9.14,27.46,33.86
ML Cummins,Test,3,28,3.24,38.71,73.19
Arshdeep Singh,ODI,1,28,5.38,21.82,58.36
Ayan Khan,ODI,6,28,4.82,32.96,55.7
Avesh Khan,T20I,5,28,8.75,24.89,44.35
EJB Miles,T20I,0,28,6.44,15.64,38.73
Sanjida Akter Meghla,T20I,7,28,4.99,14.21,50.52
Ghulam Fatima,ODI,1,28,4.56,21.29,51.53
Nik Nur Atiela,T20I,7,28,5.2,11.36,48.77
P Kumar,Test,3,28,2.6,24.89,78.52
O Bell,T20I,0,28,6.06,14.93,50.48
SO Tikolo,ODI,6,28,5.06,32.21,50.84
J Goswami,T20I,0,28,5.74,20.32,51.6
J Srinath,ODI,1,28,3.86,19.07,68.19
JJ Huo,T20I,0,28,8.12,15.04,43.09
V Baskaran,T20I,5,28,7.37,25.21,41.22
SS Weerakkody,ODI,1,28,4.51,29.18,61.79
Aamer Yamin,PSL,5,28,8.85,29.75,36.99
STR Binny,IPL,5,28,7.64,27.07,34.29
N Shree Charani,T20I,0,28,7.57,17.07,35.62
E Kubwimana,T20I,5,28,9.2,21.79,40.2
N Pokana,ODI,1,28,4.09,19.43,63.08
Abdul Razzaq,Test,3,28,3.68,33.71,70.71
PV Tambe,IPL,5,28,7.75,30.46,32.58
AR Adams,ODI,1,28,5.37,25.86,61.31
IK Pathan,T20I,5,28,8.07,21.04,41.78
H Lakov,T20I,5,28,8.19,26.43,45.76
CB Mpofu,T20I,5,28,9.28,31.75,36.87
Iftikhar Ahmed,PSL,5,28,8.2,25.82,34.97
D Sabir,T20I,0,28,5.91,12.29,43.55
R Hekure,ODI,1,28,4.49,24.61,56.74
SI Kamea,ODI,1,28,5.09,27.36,60.35
R Oa,T20I,7,28,4.76,10.43,53.53
SA Mohandas,T20I,0,28,7.64,23.75,47.89
S Vashisht,T20I,0,28,6.49,17.0,53.18
ZL Win,T20I,7,28,4.05,12.79,66.23
J Rasu,T20I,0,28,7.41,19.75,45.31
J Baguma,T20I,7,28,6.19,12.86,55.87
AR Cusack,T20I,0,28,7.07,20.04,40.97
AJ McKay,ODI,1,28,5.18,28.57,59.87
AD Mathews,IPL,5,28,8.17,38.54,29.92
Rishad Hossain,ODI,1,28,5.48,25.07,49.22
Hisham Sheikh,T20I,5,28,7.13,24.25,39.05
RRS Cornwall,Test,3,27,2.87,44.26,73.28
XC Bartlett,T20I,0,27,7.92,19.59,41.9
HNK Jensen,ODI,6,27,5.12,34.0,55.44
Hunain Shah,PSL,5,27,8.96,20.41,39.57
R Coker,T20I,0,27,5.72,19.96,48.67
RM Haq,ODI,1,27,4.6,24.59,54.04
Huzaifa Mohammed,T20I,0,27,6.08,19.56,48.37
SE Bond,T20I,0,27,6.99,20.11,48.93
CA Henry,T20I,6,27,6.76,30.96,47.84
Robiul Islam,Test,3,27,3.14,36.74,73.71
RW Price,Test,3,27,3.17,37.63,74.35
IG Butler,T20I,0,27,8.04,17.81,40.95
Jahanara Alam,ODI,1,27,4.68,31.44,61.21
Asmavia Iqbal,ODI,6,27,5.43,37.37,56.68
TT Bresnan,T20I,5,27,8.0,32.85,40.9
Enamul Haque jnr,Test,3,27,3.1,55.07,71.24
Sikandar Raza,PSL,5,27,8.41,27.37,28.27
MJ Mason,ODI,1,27,5.12,30.07,59.41
J Theron,T20I,0,27,7.63,17.67,38.67
SMSM Senanayake,T20I,0,27,6.78,20.33,42.8
A Wright,T20I,7,27,5.22,16.74,48.08
J Botha,IPL,5,27,6.92,29.63,38.62
PHT Kaushal,Test,3,27,3.92,40.93,61.24
W Peatfield,T20I,7,27,5.48,11.37,53.57
O Prendergast,ODI,6,27,4.94,34.04,64.07
R Dhawan,IPL,5,27,8.04,33.0,32.78
JA Richardson,ODI,6,27,5.87,29.37,53.83
J Nkomo,ODI,1,27,3.82,17.85,67.02
Festus Benn,T20I,0,27,6.48,15.0,44.53
Faheem Ashraf,Test,3,27,3.1,36.7,77.03
Kartik Tyagi,IPL,5,27,9.72,37.15,36.51
Sohail Khan,Test,3,27,3.67,41.67,71.43
K Mirpuri,T20I,5,27,8.04,29.0,40.75
A Hartley,ODI,1,27,4.26,26.59,58.2
Mohammed Shami,T20I,5,27,8.98,27.0,40.25
MN Samuels,T20I,5,27,7.89,23.63,33.81
Mohammed Nadeem,T20I,0,27,6.37,20.3,41.47
KJ Abbott,T20I,0,27,7.87,20.11,41.79
K Goud,ODI,1,27,5.82,27.56,58.02
EB Ringera,T20I,0,27,7.01,19.52,46.12
AH Maqsood,ODI,7,27,4.61,16.63,58.39
Suyash Sharma,IPL,5,27,8.66,40.11,33.73
Arafat Sunny,ODI,1,27,4.33,20.59,55.84
CN Greaves,T20I,5,27,7.53,21.52,32.61
GM Muthui,T20I,0,27,6.97,17.85,53.25
DR Smith,IPL,5,27,8.95,30.0,32.97
Nahid Rana,Test,3,27,4.55,41.67,64.67
JH Davey,ODI,1,27,4.82,23.67,60.75
Sajid Liaqat,T20I,5,27,9.41,18.07,42.12
Rumana Ahmed,ODI,1,26,4.24,25.65,58.11
RJ Peterson,T20I,0,26,7.54,17.35,40.95
BC Fortuin,T20I,5,26,8.12,25.0,40.83
BA Stokes,T20I,5,26,8.44,31.12,33.74
Panna Ghosh,T20I,7,26,5.42,14.12,54.19
Zaker Taqawi,T20I,0,26,6.6,11.35,44.4
Raza Iqbal,T20I,0,26,5.64,16.27,43.56
RJ Sidebottom,T20I,0,26,7.14,16.81,43.6
Z Burgess,T20I,7,26,5.73,18.85,56.14
BE Hendricks,T20I,5,26,9.15,24.12,36.74
AM Kamara,T20I,1,26,4.88,21.0,58.87
Vinu Kumar,T20I,7,26,5.43,16.38,53.5
D Koralalage,T20I,7,26,3.86,8.04,70.77
Nadeem Ahmed,ODI,1,26,4.38,24.88,63.25
V Mansale,T20I,7,26,5.71,15.73,55.35
SW Tait,IPL,5,26,7.97,24.62,46.06
E Otieno,T20I,0,26,7.5,21.12,47.61
NN Odhiambo,T20I,5,26,8.51,22.85,38.66
V Ganesan,T20I,0,26,5.78,17.35,44.44
J Kariko,T20I,7,26,5.18,13.54,48.53
PF Gallagher,T20I,0,26,6.06,14.65,41.91
PR Stirling,ODI,6,26,4.99,46.69,48.84
RA Mair,ODI,6,26,5.25,40.5,56.86
R Ravindra,T20I,0,26,6.88,16.92,42.71
C Karunaratne,ODI,6,26,5.74,29.42,48.5
C Karunaratne,T20I,5,26,8.19,36.19,30.04
Aamer Jamal,PSL,5,26,10.36,29.88,36.67
Jaspreet Singh,T20I,0,26,7.1,18.42,41.73
Muhammad Asim,T20I,0,26,7.13,21.88,39.87
Muhammad Jabir,T20I,5,26,8.55,26.46,37.89
Mohammad Ghazanfar,T20I,0,26,6.75,20.85,39.42
Khalid Zahid,T20I,0,26,7.1,23.62,45.86
M Magagula,T20I,5,26,8.53,19.69,42.78
L Wood,PSL,5,26,7.94,23.15,39.12
Akash Madhwal,IPL,5,26,9.86,22.69,31.2
Haseeb Amjad,T20I,0,26,7.17,13.19,45.99
S Dunukedeniya,T20I,7,26,4.29,6.96,65.22
HM Rowe,T20I,5,26,7.91,21.69,42.06
Lucas Rossi,T20I,7,26,4.95,11.08,52.15
S Glenn,ODI,1,26,4.34,21.04,57.07
HL Colvin,T20I,0,26,5.2,14.35,40.7
Kushal Malla,ODI,1,26,4.29,29.62,55.48
S Joseph,T20I,5,26,9.26,24.15,38.82
Sameen Gul,PSL,5,26,8.65,27.35,41.18
Junaid Khan,T20I,0,26,6.55,21.46,53.82
Basil Thampi,IPL,5,26,9.72,32.54,31.23
U Shantu,T20I,7,26,6.43,11.38,58.33
Shoaib Malik,T20I,5,26,7.26,24.38,34.92
Milad Momend,T20I,0,26,8.6,15.15,40.73
MP Kuhnemann,Test,1,26,3.24,21.35,71.5
Usman Khalid,T20I,0,26,5.94,19.69,48.36
PM Seelaar,ODI,6,26,4.78,38.92,52.87
D Ravu,T20I,0,26,7.36,18.27,42.38
Naveen-ul-Haq,IPL,5,26,9.05,22.73,35.71
C Abel,T20I,0,26,5.93,13.62,47.21
LB Williams,T20I,5,25,9.54,24.92,34.18
H Thaker,ODI,6,25,4.34,31.48,54.73
Ali Raza,PSL,5,25,9.18,18.84,38.31
Sonam,T20I,7,25,5.84,18.68,56.46
Utkarsh Jain,T20I,0,25,5.7,17.36,49.02
CJPF Kalugamage,T20I,0,25,6.88,18.72,39.46
Muhammad Moiz,T20I,0,25,8.3,16.04,45.17
GB Brent,ODI,6,25,4.83,35.48,62.28
Ada Bhasin,T20I,7,25,4.51,14.68,63.73
GB Hogg,IPL,5,25,7.45,22.8,37.04
Atif Mehmood,T20I,7,25,5.23,15.76,56.86
Sufiyan Muqeem,T20I,0,25,6.3,12.52,47.65
MK Thakur,T20I,0,25,5.92,17.52,48.87
KP Meiyappan,T20I,0,25,7.06,14.68,36.86
KS Leverock,T20I,0,25,6.61,18.24,48.79
Shoaib Malik,Test,3,25,3.25,41.92,66.53
A Nanda,T20I,5,25,7.94,26.04,45.73
A Nao,T20I,7,25,6.0,14.64,51.91
Mehran Khan,T20I,0,25,7.02,20.92,42.73
Ahmadullah Shinwari,T20I,0,25,6.97,22.44,50.31
Al-Amin Hossain,ODI,1,25,5.5,24.32,57.47
S Mahmood,ODI,1,25,5.19,29.12,59.03
DAS Gunaratne,ODI,6,25,5.2,28.92,42.93
Yasir Shah,ODI,6,25,5.34,46.0,45.4
L Piety,T20I,7,25,4.45,7.6,57.42
G Kodali,T20I,0,25,6.1,21.44,51.8
T Panyangara,Test,3,25,2.33,21.08,81.34
LCN Smith,T20I,0,25,6.64,21.52,41.15
M Dillon,ODI,1,25,4.53,28.96,60.48
M Daniels,T20I,1,25,5.09,21.28,57.74
L Tshuma,ODI,1,25,4.5,24.2,54.84
LV Boas,T20I,7,25,4.92,10.52,62.31
Amar Sharma,T20I,5,25,8.41,34.08,37.5
FR Davies,T20I,0,25,6.82,21.36,45.53
NK Yadav,T20I,0,25,7.8,16.28,46.33
E Kamara,T20I,7,25,5.32,16.08,55.63
J Nyirankundineza,T20I,7,25,5.13,13.92,57.25
B Shikongo,ODI,6,25,5.96,32.96,56.63
J Gunasekar,T20I,7,25,5.11,13.16,46.63
JA Duffy,Test,1,25,2.35,16.28,81.04
Nasir Hossain,ODI,6,25,4.74,39.2,49.88
Naveed Ahmed,T20I,5,25,7.28,23.92,40.37
ASF Sirah,T20I,0,25,6.98,17.6,41.8
P Jayawickrama,Test,3,25,2.92,25.68,75.93
NR Sciver-Brunt,ODI,1,25,4.74,29.16,56.88
NMP Suwandewi,T20I,7,25,3.66,12.28,67.0
Nadeem Ahmed,T20I,0,25,6.46,16.4,47.24
JEC Franklin,T20I,0,25,7.54,16.68,38.25
V Araa,T20I,7,25,5.36,14.4,48.64
JN Loftie-Eaton,T20I,5,25,7.65,22.24,35.09
B Arora,T20I,5,25,7.73,30.92,39.33
Gaurav Tiwari,T20I,0,25,6.43,19.56,49.78
R Kalimuthu,T20I,0,25,8.16,17.24,44.48
R Musamali,T20I,0,25,5.68,18.48,49.8
R Hashu,T20I,0,25,7.46,10.6,46.01
SM Ervine,ODI,1,25,5.25,27.12,51.61
PWA Mulder,ODI,6,25,6.27,34.96,48.39
D Paterson,Test,3,25,2.95,26.24,74.93
H Osinde,ODI,1,25,4.67,21.32,67.88
CB Mpofu,Test,3,25,3.44,47.16,73.43
CAH Stevenson,ODI,1,25,5.55,25.68,56.2
Hassan Khan,PSL,5,25,7.83,34.96,33.13
RJ Sidebottom,ODI,6,25,4.9,37.44,59.51
RE van der Merwe,IPL,0,25,6.74,19.92,35.89
S Solman,T20I,7,25,5.57,18.08,56.06
S Rana,Test,1,25,3.08,21.84,74.48
Raaz Mohammad,T20I,0,25,6.93,17.84,39.64
HS Baidwan,ODI,1,25,5.33,28.56,56.22
I Chathurani,T20I,7,24,3.27,6.75,65.99
Aizaz Cheema,ODI,1,24,5.4,24.71,52.81
NJ Carey,ODI,1,24,4.27,25.54,55.63
Aqib Ilyas,ODI,6,24,4.76,29.58,52.96
L Delany,ODI,6,24,4.74,39.08,51.26
Khaled Mahmud,ODI,6,24,5.19,43.25,52.04
NN Odhiambo,ODI,6,24,5.81,36.12,58.77
Salman Mirza,T20I,0,24,6.41,15.46,52.45
AS Rajpoot,IPL,5,24,9.06,33.92,39.52
OE Taylor,T20I,0,24,6.45,10.79,46.06
Asif Ali,T20I,0,24,6.34,20.0,42.07
KM Jarvis,T20I,5,24,8.81,22.46,38.69
TM McGrath,T20I,5,24,8.0,21.5,35.14
N Dutta,T20I,0,24,6.59,20.88,39.04
LA Marsh,Test,3,24,2.4,31.96,78.53
LH Rodrigues,T20I,7,24,5.26,13.62,57.64
LL Htun,T20I,7,24,4.74,12.96,53.81
Abdur Razzak,Test,3,24,3.52,59.58,68.88
Muhammad Musa,PSL,5,24,9.56,26.75,38.21
P Kumbhare,T20I,7,24,4.59,11.71,61.58
MA Nyabela,T20I,0,24,6.21,18.08,54.18
Ihsanullah,PSL,0,24,7.65,16.58,43.59
WGAKK Kulasuriya,ODI,6,24,4.91,35.62,57.38
LS Barkania,T20I,7,24,4.88,11.79,55.75
P Mapotsane,T20I,7,24,5.92,12.25,57.72
P Maziya,T20I,7,24,4.8,10.83,58.15
PADLR Sandakan,T20I,5,24,7.27,23.21,34.35
SL Quintyne,T20I,0,24,5.51,16.38,40.42
Saud Munir,T20I,0,24,6.29,13.54,40.0
Fawad Ahmed,PSL,5,24,7.38,27.33,34.15
Prince Yadav,IPL,5,24,8.8,22.0,37.22
JT Ball,ODI,6,24,6.2,40.83,49.37
Mohammad Irfan (4),PSL,5,24,9.13,24.54,36.95
Fanyan Mughal,T20I,0,24,7.53,24.21,46.0
M Valner,T20I,7,24,4.26,9.96,60.53
SAN Maypriani,T20I,7,24,3.61,10.75,65.97
DK Shetty,T20I,0,24,6.78,18.54,52.28
Iqbal Hussain,T20I,0,24,6.49,8.33,44.86
B Fernando,T20I,5,24,8.21,27.25,37.66
C Bull,T20I,7,24,5.2,17.25,56.69
DNT Zoysa,ODI,1,24,4.52,24.25,64.9
Sohag Gazi,ODI,1,24,4.72,30.08,55.94
Sohail Tanvir,IPL,7,24,6.44,11.08,52.42
B Khumalo,T20I,0,24,7.37,23.58,44.47
Sufyan Mehmood,T20I,5,24,8.43,23.42,30.75
Shahbaz Ahmed,IPL,5,24,9.65,41.17,27.36
BJ Dwarshuis,T20I,5,24,9.38,22.33,35.28
HV Mandhyan,T20I,0,24,7.13,19.5,45.69
HR Walsh,ODI,6,24,5.55,37.08,47.92
ZGF Foulkes,T20I,5,24,8.85,26.42,41.86
SW Masakadza,ODI,5,24,7.03,30.38,47.75
Kushal Malla,T20I,0,24,6.45,16.88,40.58
Shoaib Rafiq,T20I,7,24,4.57,10.92,63.08
Shorna Akter,T20I,0,24,7.15,19.62,36.71
MM Letsoalo,ODI,1,24,3.38,20.17,71.21
FA Allen,T20I,5,24,7.57,31.92,34.93
Waseem Yaqoob,T20I,0,24,7.92,13.25,41.49
Aiman Anwer,T20I,5,23,7.37,33.87,36.75
F Chipare,T20I,0,23,7.14,23.61,43.86
HRA Rainey,T20I,0,23,5.53,20.74,51.93
WP Masakadza,ODI,6,23,5.08,50.17,45.49
Rehan Ahmed,Test,1,23,3.97,29.87,65.51
DA Blignaut,T20I,0,23,7.44,14.83,40.73
M Vumiliya,T20I,7,23,4.65,11.57,58.31
Mohammad Nadeem,ODI,6,23,5.53,32.48,51.17
K Fletcher,T20I,0,23,6.79,18.96,50.39
JP Duminy,IPL,5,23,7.38,36.26,35.69
J Maguire,ODI,6,23,4.72,34.57,59.55
AM Peterson,T20I,0,23,6.55,14.52,40.2
CJ Jordan,Test,3,23,2.93,32.7,77.91
MS Beresford,T20I,7,23,6.11,16.74,54.23
SC Ganguly,ODI,6,23,5.09,38.13,49.32
Ehsan Khan,ODI,1,23,4.4,22.39,59.46
BW Hilfenhaus,IPL,0,23,7.66,20.83,49.07
Ali Naseer,ODI,1,23,5.61,28.0,55.44
B Masaba,T20I,0,23,5.49,14.39,43.92
T Murphy,Test,3,23,3.2,26.91,72.07
H Kaur,ODI,6,23,5.14,43.78,49.02
C Green,IPL,5,23,9.41,34.57,36.69
C Forshaw,T20I,0,23,8.19,14.3,39.42
S Dhaniram,ODI,7,23,4.4,17.52,57.01
K Senamontree,T20I,0,23,6.8,17.83,51.1
K Ota,T20I,0,23,6.02,14.65,49.4
P Utseya,T20I,5,23,7.28,33.48,34.65
SK Awiah,T20I,0,23,6.44,12.74,40.29
DT Tiripano,Test,3,23,2.76,48.96,76.73
D Birrell,T20I,7,23,6.52,14.13,54.18
CS Nascimento,T20I,7,23,4.83,12.17,53.45
M Dale-Bradley,T20I,0,23,6.63,18.17,41.53
Jay Odedra,ODI,1,23,4.0,24.7,63.26
Pyae Phyo Wai,T20I,0,23,6.82,19.78,47.25
CJ Metcalfe,T20I,0,23,5.76,15.83,46.97
GA Elwiss,ODI,1,23,3.8,22.65,65.74
P Agboya,T20I,7,23,3.79,9.35,65.88
KV Morea,ODI,1,23,4.38,22.17,60.09
EC Bargna,T20I,7,23,5.44,16.04,61.18
SR Patel,ODI,6,23,5.6,46.48,40.79
A Symonds,IPL,5,23,7.66,29.3,39.02
A Symonds,Test,3,23,2.52,35.65,78.62
G Stewart,T20I,0,23,6.91,21.7,43.65
Noman Amjad,T20I,5,23,7.34,29.7,47.13
Najjam Shahzad,T20I,0,23,6.99,19.65,45.88
N Pokana,T20I,5,23,7.39,25.13,44.56
E Anyipo,T20I,1,23,5.21,20.22,62.31
SP Narine,PSL,0,23,6.25,18.22,43.78
LA Dawson,PSL,5,23,7.79,28.61,36.49
TW Hartley,Test,3,23,3.16,34.57,71.49
FH Edwards,T20I,5,23,8.1,26.83,42.89
AC Mushangwe,T20I,7,23,3.1,5.96,67.17
E Bisht,T20I,7,23,4.67,11.65,47.38
L Chipanga,T20I,7,23,3.62,11.09,67.85
WGAKK Kulasuriya,T20I,5,23,6.98,27.48,45.86
S Gooch,T20I,0,23,7.38,15.78,45.42
NG Smith,ODI,6,23,6.4,31.57,51.98
HER Tyler,T20I,5,23,8.87,22.43,37.54
MJG Nielsen,ODI,1,23,4.01,21.17,65.43
S Pradhan,T20I,0,23,6.83,21.39,43.52
S Muthusamy,Test,1,23,3.76,26.35,68.39
S Godara,T20I,7,23,6.52,15.83,58.51
Abbas Ghani,T20I,5,23,9.11,16.3,40.08
H Lin Aung,T20I,0,23,7.07,16.91,46.36
Irfan Hafejee,T20I,0,22,6.77,15.95,47.59
VJ Kingma,T20I,5,22,7.49,27.41,49.69
JOA Gordon,T20I,0,22,7.42,18.5,50.76
JP Duminy,T20I,5,22,7.73,27.23,32.04
M Sarenac,T20I,5,22,8.61,23.27,42.02
S Wickramasekara,T20I,0,22,7.15,17.82,41.03
RMS Eranga,ODI,6,22,5.8,29.64,55.56
EL Bartram,T20I,0,22,6.34,20.27,53.32
AC Agar,ODI,6,22,5.23,43.55,45.9
M Vervitsioti,T20I,0,22,6.61,19.77,49.87
M Prasidh Krishna,Test,6,22,4.7,34.36,64.97
Gayan Munaweera,T20I,5,22,8.17,21.23,39.36
RD Berrington,T20I,5,22,7.6,23.36,30.54
JP Behrendorff,IPL,5,22,9.05,25.09,39.89
SC Williams,Test,3,22,3.1,46.23,67.04
S Venkataraman,T20I,7,22,4.09,7.23,63.09
R Ova,T20I,7,22,4.2,9.68,60.2
D Abeyrathna,T20I,0,22,6.95,16.95,43.17
Sultana Khatun,ODI,1,22,4.03,27.64,62.91
B Muzarabani,PSL,0,22,7.77,19.36,42.55
Zaheer Zahiri,T20I,0,22,7.11,18.09,47.62
Zeerak Chughtai,T20I,5,22,8.62,17.64,33.7
Xu Qian,T20I,7,22,3.47,12.23,66.45
TI Gajanayake,T20I,0,22,6.44,22.77,46.25
Shafiul Islam,T20I,5,22,8.11,23.09,38.56
CO Obuya,T20I,0,22,6.51,15.18,45.13
Shoriful Islam,Test,3,22,3.11,38.59,75.06
Hamza Tahir,T20I,5,22,8.28,21.82,33.91
MR Gillespie,Test,1,22,4.21,24.05,68.7
B Regmi,T20I,0,22,6.29,14.64,39.41
H Carlyon,T20I,0,22,5.76,16.23,48.92
HAM Shah,T20I,0,22,6.37,10.95,44.93
J Ramanandi,T20I,5,22,8.07,14.91,25.82
Shah Abrar Hussain,T20I,5,22,7.54,25.14,36.36
MPP San,T20I,7,22,4.97,14.0,54.3
Hussain Talat,PSL,5,22,9.21,26.59,28.87
I Udana,ODI,6,22,6.33,41.91,44.85
AD Russell,PSL,5,22,8.73,21.95,36.14
NK Aneesh Kumar,T20I,0,22,6.65,26.09,45.75
NP Kenjige,T20I,5,22,7.52,25.18,39.37
S Mahmood,T20I,5,22,9.28,26.64,38.26
DB Sharma,Test,1,22,2.37,19.5,77.92
DAJ Bracewell,T20I,5,22,9.04,21.36,39.74
Salma Khatun,ODI,1,22,3.91,27.68,62.1
WPUJC Vaas,IPL,0,22,7.5,16.14,47.18
L Mabhero,T20I,0,22,5.78,22.0,49.0
SY Win,T20I,7,22,4.57,8.73,51.59
N Burger,ODI,1,22,6.12,26.14,58.33
Anwar Rahman,T20I,0,22,5.94,14.68,45.4
Asif Afridi,PSL,5,22,7.44,23.23,41.02
P Cuinica,T20I,7,22,5.48,18.64,61.47
FG Kemp,T20I,0,22,7.88,19.41,44.0
H Masakadza,ODI,6,22,5.7,52.82,43.42
WW Hinds,ODI,1,22,4.95,23.0,47.8
Wahidullah Sahak,T20I,0,22,7.87,15.32,43.97
Nonoha Yasumoto,T20I,7,22,4.24,13.0,63.95
T Taylor,T20I,0,22,7.17,18.05,46.69
T Perera,T20I,5,22,8.42,20.41,42.19
K Thuchila,T20I,7,22,5.47,16.27,56.49
KMA Paul,T20I,5,22,8.99,29.36,33.64
U Peace,T20I,7,22,4.23,14.09,59.77
DS Lehmann,ODI,0,22,4.99,22.14,45.13
AS Joseph,IPL,5,22,9.53,31.41,39.54
A Karmacharya,T20I,7,22,4.61,10.27,56.8
Fayaz Khan,T20I,0,22,7.88,19.45,42.33
Amad Butt,PSL,5,22,9.76,30.91,31.1
Bipul Sharma,IPL,5,22,8.06,26.0,32.63
Abdul Razzaq,T20I,0,22,6.71,16.68,47.26
LCN Smith,ODI,1,22,4.33,19.09,58.59
MW Forde,ODI,6,22,5.98,31.55,57.18
G Coetzee,T20I,5,22,9.19,25.91,44.62
MD Shanaka,ODI,6,22,5.5,38.14,47.16
LS Livingstone,ODI,6,22,6.29,41.86,42.94
K Gowtham,IPL,5,22,8.24,36.73,36.73
O Thomas,T20I,5,22,9.14,29.0,40.57
Umaima Sohail,T20I,0,22,5.75,15.5,42.13
N Deonarine,Test,3,22,3.03,29.59,68.09
VY Mahesh,IPL,5,22,8.65,22.68,36.71
SI Mahmood,Test,3,22,4.02,34.64,69.45
J Jarvis,ODI,1,22,5.26,25.73,57.43
MG Neser,Test,1,22,3.2,18.91,73.94
FJ Klaassen,ODI,1,22,4.5,29.77,60.87
XSD Smith,T20I,7,21,4.78,10.95,53.29
C Viljoen,T20I,0,21,6.29,11.24,42.22
Zeefa Jilani,T20I,7,21,5.15,14.33,48.72
TD Smartt,T20I,0,21,5.73,20.33,51.68
Aamer Jamal,Test,1,21,4.57,32.86,64.79
STR Binny,ODI,7,21,5.35,20.9,53.86
F Stoman,T20I,0,21,6.51,18.38,49.72
F Odhiambo,T20I,7,21,5.02,14.9,55.88
F Mutua,T20I,0,21,7.4,13.81,42.13
FC Jonas,ODI,6,21,4.59,40.52,54.86
GK Berg,T20I,0,21,6.49,15.19,50.51
AK Maguire,ODI,0,21,6.06,27.43,43.68
A Martel,T20I,0,21,6.62,20.29,39.9
CO Obuya,ODI,6,21,4.87,32.52,52.32
Agha Salman,Test,3,21,3.75,55.29,64.1
GT Main,T20I,0,21,8.27,16.29,44.35
JDP Oram,T20I,5,21,8.62,37.76,33.15
PE Kulume,T20I,7,21,5.18,14.52,55.81
PK Matautaava,T20I,0,21,5.82,15.52,48.21
AB Kaur,ODI,6,21,6.17,32.52,52.56
D Robson,T20I,7,21,6.04,14.95,51.92
SI Kamea,T20I,0,21,7.2,22.05,46.89
Mohammad Nawaz (3),T20I,5,21,7.06,25.9,42.86
Mohammad Sami,T20I,0,21,8.29,18.43,44.64
Mohammad Hasnain,ODI,6,21,6.29,35.95,50.56
Ebadat Hossain,ODI,7,21,5.47,21.1,55.97
M Yunusu Issa,T20I,0,21,7.14,18.48,47.55
ROC Dunka,T20I,5,21,7.98,27.62,44.5
RMAM Avery,T20I,7,21,5.04,7.71,54.92
J Tuffin,T20I,0,21,6.5,18.57,51.11
M Shahbaz Butt,T20I,7,21,5.62,14.71,49.09
M Yanagida,T20I,7,21,4.62,13.1,49.86
J Butler,T20I,0,21,7.63,15.14,39.2
R Ntozakhe,ODI,1,21,3.9,27.38,62.15
R Padunglerd,T20I,7,21,5.8,16.33,51.55
Mirab Razwan,T20I,0,21,5.81,15.81,47.52
Shashikant Laxman,T20I,7,21,5.32,12.71,52.82
RP Meredith,IPL,5,21,9.42,29.14,40.0
Viktoria Frey,T20I,7,21,6.04,15.19,58.99
Soumya Sarkar,ODI,0,21,6.12,27.1,42.11
Mohammad Asghar,PSL,5,21,7.66,22.14,39.56
AM Phangiso,T20I,5,21,7.77,21.1,37.72
R Choden,T20I,7,21,5.18,12.29,54.18
Amir Farooq,T20I,5,21,7.94,23.19,42.39
Thuya Aung,T20I,0,21,6.02,17.1,48.04
Aliya Riaz,T20I,5,21,8.09,26.76,39.57
Usman Tariq,PSL,5,21,7.6,28.76,33.96
DT Christian,ODI,6,21,4.91,28.33,47.46
Luqman Butt,T20I,5,21,7.23,29.71,48.07
SP Narine,Test,3,21,3.08,40.52,74.8
MC Sorensen,T20I,0,21,7.34,15.95,44.53
Ali Masood,T20I,0,21,8.43,17.0,42.91
T Rossi,T20I,0,21,7.04,19.67,52.84
OD Hald,T20I,0,21,7.01,18.52,48.95
Mujeeb Ur Rahman,IPL,5,21,8.34,29.52,34.98
Mukesh Choudhary,IPL,5,21,9.59,30.0,42.89
C Green,ODI,6,21,5.76,37.33,50.67
Taranjit Singh,T20I,0,21,6.88,16.33,40.8
AS Joseph,PSL,5,21,9.19,28.1,42.34
AA Gajic,T20I,0,21,7.86,18.14,42.96
PP Ojha,ODI,6,21,4.47,31.05,53.08
BM Tickner,T20I,5,21,9.32,25.52,34.49
AA Alleyne,T20I,6,21,7.99,42.67,39.82
KW Richardson,IPL,5,21,8.45,22.48,40.6
Tanzim Hasan Sakib,ODI,1,21,5.9,28.05,53.42
MJ Ansell,T20I,7,21,5.55,18.67,54.48
NW Bracken,T20I,0,21,6.95,20.86,44.97
Waji Ul Hassan,T20I,5,21,7.62,22.19,36.78
D Foerster,T20I,7,21,4.53,14.14,57.51
Saim Ayub,PSL,5,21,8.11,33.33,33.98
Kabir Ali,ODI,6,21,6.02,30.05,54.21
DJ Hussey,T20I,0,21,6.48,18.67,34.99
S Mosweu,T20I,7,21,5.58,16.38,56.76
Karri Gullem Keen,T20I,7,21,5.52,14.14,55.73
NR Johns-Wickberg,T20I,0,21,6.52,17.29,52.99
Anureet Singh,IPL,5,21,8.92,29.67,36.28
E Mathew,T20I,5,21,8.09,22.1,39.24
Aizaz Cheema,Test,3,21,3.18,30.38,75.23
C Overton,Test,3,21,3.1,36.19,74.88
Zon Lin,T20I,7,21,4.88,12.48,65.84
Zuhaib Zubair,T20I,0,21,7.51,19.14,38.63
A Brindle,ODI,1,20,4.45,22.3,55.41
BB Sran,IPL,5,20,9.35,37.85,36.01
MK Villiers,T20I,0,20,6.66,14.1,43.31
IG Holland,ODI,1,20,4.45,23.3,58.6
H Venkataram,T20I,0,20,7.55,16.35,41.92
ST Jayasuriya,T20I,5,20,7.31,21.15,33.14
NT Ellis,IPL,5,20,8.6,27.3,32.55
Khurram Chohan,ODI,1,20,5.08,21.9,58.41
NJ Carey,T20I,5,20,7.16,26.15,36.07
Anwar Ali,ODI,6,20,6.12,46.05,46.73
NA Greenwood,T20I,0,20,5.93,17.2,41.38
NA Saini,IPL,6,20,8.39,42.15,43.78
N Tanner,T20I,0,20,7.42,15.95,42.64
TG Norris,T20I,7,20,4.5,9.45,64.29
Khurram Shahzad,Test,1,20,3.93,30.0,69.47
D Johnson,T20I,5,20,8.18,22.9,40.18
BTJ Wheal,ODI,1,20,4.01,20.6,65.91
N Boje,ODI,6,20,4.5,34.5,52.93
D Madushanka,T20I,5,20,9.3,27.2,40.17
KS Bagabena,T20I,0,20,6.91,27.7,48.65
L Phiri,T20I,0,20,5.87,17.4,47.75
L Qiao,T20I,7,20,3.34,7.35,67.05
A Stocks,T20I,7,20,4.85,11.35,46.26
NM Salonen,T20I,0,20,6.81,16.35,50.35
O Kamchomphu,ODI,7,20,3.62,15.95,65.03
S Wetoto,T20I,7,20,5.44,8.75,46.11
S Walaza,T20I,7,20,5.37,20.15,55.33
JM Anderson,T20I,5,20,7.85,27.6,41.47
Azyan Farhath,T20I,7,20,5.87,11.0,48.0
JP Greaves,Test,3,20,3.5,38.95,71.65
SB Styris,T20I,0,20,6.78,17.45,35.92
Mohammad Hafeez,PSL,5,20,6.88,25.5,37.53
C Pengkumta,T20I,0,20,7.11,22.75,45.05
T Panyangara,T20I,0,20,7.73,18.3,41.9
A Reyes,T20I,0,20,8.22,18.5,40.37
LL Tsotsobe,T20I,0,20,6.92,27.05,47.12
A Shahi,T20I,0,20,7.6,19.2,42.24
PM Siddle,ODI,6,20,4.94,37.15,59.58
DS Kulkarni,ODI,1,20,5.09,25.4,57.43
P Sabu,T20I,7,20,5.22,9.1,59.33
A Venkatesh,T20I,0,20,6.59,10.65,43.81
SPD Smith,Test,3,20,4.11,50.4,61.41
CL Cairns,ODI,6,20,4.98,38.75,56.59
K Ndlovu,ODI,1,20,3.53,16.5,67.02
O Lefaga,T20I,7,20,4.21,8.7,69.35
L Wood,T20I,5,20,8.87,21.35,42.56
Muhammad Rohid,T20I,0,20,8.23,19.0,41.52
G Wetherall,T20I,0,20,6.04,16.0,47.48
JA Richardson,T20I,5,20,8.42,27.8,40.15
A Fujikawa,T20I,7,20,5.4,16.25,49.03
Sultan Ahmed (2),T20I,7,20,5.71,18.0,52.38
Ahmed Daniyal,PSL,5,20,9.02,27.75,36.86
Shafiul Islam,Test,3,20,3.26,47.1,71.82
ACF Stokes,T20I,0,20,6.02,15.95,48.11
Rahat Ali,ODI,6,20,5.8,32.9,53.45
AK Markram,ODI,6,20,5.88,56.0,44.62
A Nao,ODI,6,20,5.08,35.65,57.6
YS Blagg,T20I,7,20,4.82,7.55,72.34
Yasir Mohammad,T20I,0,20,7.17,15.3,40.62
Ali Khan,T20I,5,20,8.67,30.65,37.97
MH Yardy,ODI,6,20,4.87,51.7,47.21
BA Carse,T20I,5,20,8.99,20.6,37.45
C Sakariya,IPL,5,20,8.53,31.9,34.3
A Dhabe,T20I,0,20,6.4,16.95,46.54
RN ten Doeschate,ODI,6,20,5.57,31.8,55.33
FO Kibasu,T20I,0,20,6.16,13.7,42.32
CJ Anderson,T20I,5,20,8.12,29.25,36.57
CH Gayle,T20I,5,20,6.93,22.0,30.71
W Moutswi,T20I,7,20,4.16,12.25,62.61
J Suchith,IPL,5,20,8.6,30.1,33.81
B Phelenyane,T20I,0,20,6.71,21.65,52.2
K Fubler,T20I,7,20,4.42,9.9,55.39
Sangita Rai,T20I,7,20,4.75,9.85,47.79
M Daniels,ODI,1,20,3.88,32.45,65.04
A Merritt,T20I,0,20,6.61,21.0,44.88
T Iosefo,T20I,7,20,5.13,10.3,53.94
Ubaid Shah,PSL,5,20,9.7,28.95,41.06
Umaima Sohail,ODI,6,20,5.2,35.85,48.91
Tashi Phuntsho,T20I,7,20,5.19,10.9,61.9
CJ Langford,T20I,0,20,6.42,16.1,52.16
R Ravindra,ODI,6,20,5.79,45.85,43.37
VR Aaron,Test,3,20,4.69,47.35,67.13
F Akankwasa,T20I,0,20,6.13,16.25,44.65
